Source,Target,Type,Weight,Stability
CopyProp,2addr-hack,Interaction,-0.006763523898868831,0.82
CopyProp,auto-upgrade-debug-info,Interaction,-0.0017873563732867187,0.56
CopyProp,binop-extract-shuffle,Interaction,0.0015932675524719592,0.42
CopyProp,branch-fold,Interaction,0.0030559454136045196,0.68
CopyProp,cgdata-for-merging,Interaction,-0.0042721332431287186,0.68
CopyProp,cgp-select2branch,Interaction,0.003363597157963155,0.62
CopyProp,chr,Interaction,0.002453268739173398,0.62
CopyProp,complex-addr-modes,Interaction,-0.0021507804794046134,0.54
CopyProp,copyprop,Interaction,-0.0029416629860735182,0.62
CopyProp,demotion,Interaction,-0.003949320307978619,0.78
CopyProp,dfa-sched,Interaction,0.002344833793273507,0.46
CopyProp,early-ifcvt,Interaction,0.008638162398607468,0.84
CopyProp,expand-reductions,Interaction,0.006795272606149223,0.8
CopyProp,gep-const-evaluation,Interaction,0.05246553977087583,0.7
CopyProp,global-outlining,Interaction,-0.0017831041538552883,0.52
CopyProp,ifcvt-diamond,Interaction,0.006249844231214335,0.64
CopyProp,ifcvt-forked-diamond,Interaction,0.0011717308132066667,0.4
CopyProp,ifcvt-simple,Interaction,0.0025420946346366657,0.46
CopyProp,ifcvt-simple-false,Interaction,0.002619114033900882,0.64
CopyProp,ifcvt-triangle-false,Interaction,0.0009590456713629273,0.5
CopyProp,ifcvt-triangle-rev,Interaction,0.0021827081302805014,0.5
CopyProp,interleaved-load-combine,Interaction,0.0007956966371314522,0.4
CopyProp,layout-fsprofile-loader,Interaction,-0.0023124090882913734,0.56
CopyProp,lftr,Interaction,0.006887531543123124,0.74
CopyProp,loop-idiom-vectorize-all,Interaction,0.008967626823774446,0.8
CopyProp,loop-idiom-vectorize-bytecmp,Interaction,0.00921694634614992,0.92
CopyProp,loop-level-heuristics,Interaction,0.00327819137037425,0.54
CopyProp,lsr,Interaction,0.006284154257883254,0.86
CopyProp,machine-cse,Interaction,-0.002771627218081744,0.6
CopyProp,machine-dce,Interaction,-0.002908245072864645,0.66
CopyProp,machine-licm,Interaction,0.007329934611038762,0.8
CopyProp,machine-sink,Interaction,-0.015960119460561518,0.88
CopyProp,mergeicmps,Interaction,-0.002304634806819995,0.58
CopyProp,nounwind-inference,Interaction,-0.002354462997392542,0.66
CopyProp,ondemand-mds-loading,Interaction,-0.0017082815979614272,0.44
CopyProp,partial-libcall-inlining,Interaction,-0.006348927439182857,0.72
CopyProp,peephole,Interaction,-0.0035860085286802913,0.64
CopyProp,preheader-prot,Interaction,-0.0014741636409776532,0.42
CopyProp,preinline,Interaction,-0.0013899144047212187,0.46
CopyProp,promote-alloca-to-vector,Interaction,0.010597158398318129,0.84
CopyProp,ra-fsprofile-loader,Interaction,-0.004012655135414063,0.7
CopyProp,replace-with-vec-lib,Interaction,0.0042216775329609,0.66
CopyProp,select-optimize,Interaction,-0.001712017340561679,0.54
CopyProp,spill-fusing,Interaction,-0.00399215867071428,0.68
CopyProp,type-promotion,Interaction,-0.008228053211848795,0.88
DataflowConstProp,auto-upgrade-debug-info,Interaction,0.0017882383241967015,0.44
DataflowConstProp,block-placement,Interaction,-0.0016700836839577318,0.48
DataflowConstProp,branch-fold,Interaction,-0.0011692503083827487,0.48
DataflowConstProp,cgp-branch-opts,Interaction,-0.007941895027223799,0.86
DataflowConstProp,cgp-select2branch,Interaction,-0.0041027917968305865,0.56
DataflowConstProp,cleanups,Interaction,0.012497216775281457,0.98
DataflowConstProp,complex-addr-modes,Interaction,-0.0011360983966217707,0.44
DataflowConstProp,constant-hoisting,Interaction,0.006392042523605732,0.8
DataflowConstProp,early-ifcvt,Interaction,-0.0038500440534746327,0.74
DataflowConstProp,early-taildup,Interaction,0.0043389604235891,0.74
DataflowConstProp,ifcvt-triangle-false,Interaction,-0.004491843549831506,0.86
DataflowConstProp,ifcvt-triangle-rev,Interaction,0.0029626497095431277,0.62
DataflowConstProp,interleaved-load-combine,Interaction,0.003650378017473703,0.62
DataflowConstProp,last-run-tracking,Interaction,0.002090824702680241,0.64
DataflowConstProp,layout-fsprofile-loader,Interaction,-0.0005223660942252884,0.4
DataflowConstProp,licm-promotion,Interaction,-0.0014084747842890435,0.52
DataflowConstProp,loop-level-heuristics,Interaction,-0.0010605864315561882,0.42
DataflowConstProp,lsr,Interaction,-0.005293551869653687,0.82
DataflowConstProp,machine-licm,Interaction,-0.0024195749188622735,0.54
DataflowConstProp,memop-opt,Interaction,0.002447625577139017,0.64
DataflowConstProp,mergeicmps,Interaction,0.006779773132738393,0.74
DataflowConstProp,postra-machine-licm,Interaction,-0.003188545722428185,0.66
DataflowConstProp,preheader-prot,Interaction,-0.0022670293808469254,0.56
DataflowConstProp,promote-alloca-to-vector,Interaction,0.0014108141405036613,0.46
DataflowConstProp,thinlto-funcattrs,Interaction,0.002726126140500525,0.52
DataflowConstProp,vp,Interaction,0.003218811163411309,0.72
DataflowConstProp,whole-program-visibility,Interaction,0.0018780261605253314,0.6
DeadStoreElimination-final,block-placement,Interaction,0.005060583889961703,0.76
DeadStoreElimination-final,branch-fold,Interaction,0.0014540883801413434,0.52
DeadStoreElimination-final,cgp,Interaction,-0.006140933537493644,0.74
DeadStoreElimination-final,cgp-delete-phis,Interaction,0.0038956716180051027,0.68
DeadStoreElimination-final,cgp-ext-ld-promotion,Interaction,0.0029280000554022965,0.6
DeadStoreElimination-final,cgp-gc-opts,Interaction,-0.005444170986280992,0.86
DeadStoreElimination-final,cgp-select2branch,Interaction,-0.004651852974698362,0.54
DeadStoreElimination-final,cgp-store-extract,Interaction,0.0008913036823907161,0.44
DeadStoreElimination-final,cleanups,Interaction,0.002997605415580917,0.52
DeadStoreElimination-final,dfa-sched,Interaction,-0.0027364327537792226,0.68
DeadStoreElimination-final,gep-const-evaluation,Interaction,0.0020729463599821942,0.64
DeadStoreElimination-final,icp,Interaction,0.015070282929149168,0.84
DeadStoreElimination-final,ifcvt-triangle-false,Interaction,-0.004329443219670206,0.7
DeadStoreElimination-final,interleaved-load-combine,Interaction,0.004706794300871733,0.5
DeadStoreElimination-final,last-run-tracking,Interaction,0.004621675011002495,0.56
DeadStoreElimination-final,machine-cse,Interaction,-0.009368307661606453,0.98
DeadStoreElimination-final,machine-dce,Interaction,0.0016315079867232365,0.6
DeadStoreElimination-final,machine-licm,Interaction,-0.0010580378201296616,0.46
DeadStoreElimination-final,mr-partial-inlining,Interaction,-0.0019990588529740718,0.6
DeadStoreElimination-final,peephole,Interaction,0.003962051542972861,0.62
DeadStoreElimination-final,postra-machine-licm,Interaction,0.0022838980672550695,0.56
DeadStoreElimination-final,preheader-prot,Interaction,0.009344832612387282,0.84
DeadStoreElimination-final,preinline,Interaction,-0.0018735715457054785,0.46
DeadStoreElimination-final,ra-fsprofile-loader,Interaction,-0.006238544046637037,0.8
DeadStoreElimination-final,tail-calls,Interaction,0.012805809439367067,0.84
DeadStoreElimination-final,tail-duplicate,Interaction,0.0014815396472531149,0.44
DeadStoreElimination-final,thinlto-funcattrs,Interaction,0.003211517832651796,0.62
DeadStoreElimination-final,vp,Interaction,-0.004579156777503524,0.76
DeadStoreElimination-initial,advanced-peeling,Interaction,-0.0013452420127866623,0.46
DeadStoreElimination-initial,auto-upgrade-debug-info,Interaction,0.001414108015114259,0.42
DeadStoreElimination-initial,branch-fold,Interaction,0.003464121625867025,0.66
DeadStoreElimination-initial,cgp-delete-phis,Interaction,-0.002596690480587026,0.64
DeadStoreElimination-initial,cgp-ext-ld-promotion,Interaction,0.0010461053525086693,0.52
DeadStoreElimination-initial,cgp-gc-opts,Interaction,0.0018309079959119249,0.58
DeadStoreElimination-initial,chr,Interaction,0.005593540551340649,0.62
DeadStoreElimination-initial,cleanups,Interaction,-0.002266591875515534,0.54
DeadStoreElimination-initial,copyprop,Interaction,0.0025870422961081175,0.6
DeadStoreElimination-initial,demotion,Interaction,-0.0022559877908004725,0.56
DeadStoreElimination-initial,early-ifcvt,Interaction,0.013502463664425398,0.86
DeadStoreElimination-initial,gep-const-evaluation,Interaction,-0.0019334197657188907,0.56
DeadStoreElimination-initial,i2p-p2i-opt,Interaction,-0.0025383177066625757,0.6
DeadStoreElimination-initial,ifcvt-forked-diamond,Interaction,0.0034483623696932738,0.68
DeadStoreElimination-initial,ifcvt-simple,Interaction,0.004566884140601104,0.7
DeadStoreElimination-initial,ifcvt-simple-false,Interaction,0.0015856849821482165,0.48
DeadStoreElimination-initial,ifcvt-triangle,Interaction,0.009360336385388128,0.86
DeadStoreElimination-initial,ifcvt-triangle-false,Interaction,0.008996880922746545,0.84
DeadStoreElimination-initial,layout-fsprofile-loader,Interaction,0.0009052293051662697,0.46
DeadStoreElimination-initial,licm-promotion,Interaction,0.0026558868432525664,0.5
DeadStoreElimination-initial,lsr,Interaction,0.0034160593282980805,0.66
DeadStoreElimination-initial,machine-dce,Interaction,0.004427330353823514,0.74
DeadStoreElimination-initial,machine-licm,Interaction,-0.001554448652001892,0.48
DeadStoreElimination-initial,machine-sink,Interaction,-0.008532716969179628,0.82
DeadStoreElimination-initial,peephole,Interaction,-0.004573618136803494,0.7
DeadStoreElimination-initial,post-ra,Interaction,-0.0031077882711498606,0.7
DeadStoreElimination-initial,preheader-prot,Interaction,0.004739624316424503,0.66
DeadStoreElimination-initial,preinline,Interaction,0.0019612782236839823,0.46
DeadStoreElimination-initial,promote-alloca-to-vector,Interaction,-0.0030555501786642754,0.56
DeadStoreElimination-initial,sample-loader-inlining,Interaction,-0.0018763660741563338,0.54
DeadStoreElimination-initial,tail-duplicate,Interaction,0.004703012177504185,0.58
DestinationPropagation,advanced-peeling,Interaction,0.011074824478911838,0.82
DestinationPropagation,auto-upgrade-debug-info,Interaction,-0.003388460011667539,0.54
DestinationPropagation,cfi-fixup,Interaction,0.003139208216738649,0.48
DestinationPropagation,cgdata-for-merging,Interaction,-0.0012049808209649143,0.42
DestinationPropagation,cgp,Interaction,0.005353322601824821,0.8
DestinationPropagation,chr,Interaction,0.0012964076423022215,0.5
DestinationPropagation,cleanups,Interaction,0.004642216419480855,0.54
DestinationPropagation,copyprop,Interaction,0.002693561155139166,0.6
DestinationPropagation,early-ifcvt,Interaction,0.030546263155030652,0.52
DestinationPropagation,early-taildup,Interaction,0.006559078002689819,0.82
DestinationPropagation,expand-reductions,Interaction,-0.0018064449739552588,0.56
DestinationPropagation,gep-const-evaluation,Interaction,-0.002410386300614914,0.42
DestinationPropagation,global-outlining,Interaction,-0.0028258301390496963,0.62
DestinationPropagation,i2p-p2i-opt,Interaction,0.005131842576816231,0.88
DestinationPropagation,ifcvt-diamond,Interaction,0.0038899167502414998,0.5
DestinationPropagation,ifcvt-triangle-false,Interaction,0.0022102266460933377,0.58
DestinationPropagation,interleaved-load-combine,Interaction,-0.00163138199312774,0.42
DestinationPropagation,last-run-tracking,Interaction,-0.002075260013161426,0.46
DestinationPropagation,machine-cse,Interaction,0.0022976258374710224,0.4
DestinationPropagation,machine-dce,Interaction,0.004262175306746719,0.68
DestinationPropagation,machine-licm,Interaction,0.00295504475367012,0.64
DestinationPropagation,mergeicmps,Interaction,-0.001597570849951224,0.5
DestinationPropagation,mr-partial-inlining,Interaction,-0.002652491874013843,0.74
DestinationPropagation,partial-libcall-inlining,Interaction,-0.0030467549924245666,0.52
DestinationPropagation,post-ra,Interaction,-0.002257629485828845,0.56
DestinationPropagation,postra-machine-licm,Interaction,0.003042045408851472,0.66
DestinationPropagation,postra-machine-sink,Interaction,-0.006182838012309059,0.74
DestinationPropagation,preheader-prot,Interaction,0.007759230027187317,0.7
DestinationPropagation,preinline,Interaction,0.0008735849871898959,0.42
DestinationPropagation,promote-alloca-to-vector,Interaction,0.0004234544851954113,0.52
DestinationPropagation,ra-fsprofile-loader,Interaction,0.0018623140773553885,0.5
DestinationPropagation,sample-loader-inlining,Interaction,-0.0013956853310558117,0.4
DestinationPropagation,spill-fusing,Interaction,-0.003605844223208714,0.68
DestinationPropagation,tail-calls,Interaction,0.0030254987642972324,0.58
DestinationPropagation,tail-duplicate,Interaction,0.013038211473845143,0.82
DestinationPropagation,type-promotion,Interaction,-0.002257804019631064,0.42
EarlyOtherwiseBranch,adv-copy-opt,Interaction,0.0019359801497048715,0.58
EarlyOtherwiseBranch,auto-upgrade-debug-info,Interaction,0.0032277004969483085,0.64
EarlyOtherwiseBranch,block-placement,Interaction,-0.006749440536949238,0.82
EarlyOtherwiseBranch,cgp-branch-opts,Interaction,0.00783136629729772,0.72
EarlyOtherwiseBranch,cgp-delete-phis,Interaction,0.0019416972088928599,0.44
EarlyOtherwiseBranch,cgp-gc-opts,Interaction,-0.002875930655318436,0.68
EarlyOtherwiseBranch,cgp-select2branch,Interaction,-0.0014416271747579143,0.5
EarlyOtherwiseBranch,chr,Interaction,0.0014008949931577114,0.48
EarlyOtherwiseBranch,complex-addr-modes,Interaction,-0.006004848391286613,0.82
EarlyOtherwiseBranch,constant-hoisting,Interaction,-0.0034090506261796583,0.6
EarlyOtherwiseBranch,copyprop,Interaction,-0.004135865610791371,0.68
EarlyOtherwiseBranch,early-taildup,Interaction,0.00573699956314984,0.7
EarlyOtherwiseBranch,expand-reductions,Interaction,-0.001476513677929239,0.56
EarlyOtherwiseBranch,gep-const-evaluation,Interaction,0.019468226662779912,0.9
EarlyOtherwiseBranch,ifcvt-diamond,Interaction,0.005151246699788985,0.7
EarlyOtherwiseBranch,ifcvt-simple,Interaction,0.001978459183392254,0.6
EarlyOtherwiseBranch,ifcvt-triangle,Interaction,0.0033638670941505437,0.54
EarlyOtherwiseBranch,ifcvt-triangle-false,Interaction,0.004853710662355914,0.72
EarlyOtherwiseBranch,last-run-tracking,Interaction,0.000983363488048749,0.4
EarlyOtherwiseBranch,licm-promotion,Interaction,-0.005031517950586753,0.7
EarlyOtherwiseBranch,loop-idiom-vectorize-all,Interaction,0.0008983567785613889,0.58
EarlyOtherwiseBranch,loop-idiom-vectorize-bytecmp,Interaction,0.004294484138590496,0.52
EarlyOtherwiseBranch,machine-licm,Interaction,-0.0049670510423292305,0.72
EarlyOtherwiseBranch,partial-inlining,Interaction,-0.002683623997371808,0.56
EarlyOtherwiseBranch,partial-libcall-inlining,Interaction,-0.007493978089577618,0.76
EarlyOtherwiseBranch,phi-elim-edge-splitting,Interaction,0.007223106682534956,0.82
EarlyOtherwiseBranch,post-ra,Interaction,0.0026290756677661603,0.58
EarlyOtherwiseBranch,preheader-prot,Interaction,-0.001491545983883199,0.44
EarlyOtherwiseBranch,ra-fsprofile-loader,Interaction,0.005975570646403704,0.6
EarlyOtherwiseBranch,select-optimize,Interaction,0.005287802301069686,0.68
EarlyOtherwiseBranch,spill-fusing,Interaction,-0.008647194321219374,0.9
EarlyOtherwiseBranch,vp,Interaction,-0.002298239225380107,0.72
EarlyOtherwiseBranch,whole-program-visibility,Interaction,-0.002603206793833116,0.6
EnumSizeOpt,2addr-hack,Interaction,0.0007871826241303223,0.44
EnumSizeOpt,advanced-peeling,Interaction,-0.002367311184707798,0.54
EnumSizeOpt,branch-fold,Interaction,0.0018273709514309662,0.54
EnumSizeOpt,cgp-select2branch,Interaction,-0.000138798387965809,0.46
EnumSizeOpt,chr,Interaction,0.005659650752155182,0.74
EnumSizeOpt,complex-addr-modes,Interaction,0.0015595754696275282,0.48
EnumSizeOpt,copyprop,Interaction,-0.0014474710576699496,0.48
EnumSizeOpt,expand-reductions,Interaction,-0.0038431191916241747,0.66
EnumSizeOpt,i2p-p2i-opt,Interaction,-0.0021037194323936504,0.5
EnumSizeOpt,ifcvt-diamond,Interaction,0.0028374542464123746,0.68
EnumSizeOpt,ifcvt-simple,Interaction,-0.0015435335006603063,0.58
EnumSizeOpt,ifcvt-simple-false,Interaction,0.001176642601469583,0.42
EnumSizeOpt,ifcvt-triangle-false,Interaction,0.0034409030625435983,0.66
EnumSizeOpt,ifcvt-triangle-rev,Interaction,0.0017010915146631036,0.44
EnumSizeOpt,interleaved-load-combine,Interaction,-0.002958850924243125,0.72
EnumSizeOpt,licm-promotion,Interaction,-0.005217080505745441,0.86
EnumSizeOpt,loop-idiom-vectorize-all,Interaction,0.0333921554842707,0.72
EnumSizeOpt,machine-cse,Interaction,-0.003596453506094161,0.62
EnumSizeOpt,machine-sink,Interaction,-0.003820995384800536,0.68
EnumSizeOpt,memop-opt,Interaction,0.003529989948040722,0.68
EnumSizeOpt,mergeicmps,Interaction,-0.0026157750795854067,0.68
EnumSizeOpt,non-allocatable-phys-copy-opt,Interaction,-0.00169272407528679,0.52
EnumSizeOpt,ondemand-mds-loading,Interaction,-0.0008815959899368923,0.4
EnumSizeOpt,post-ra,Interaction,0.0022804420695150167,0.56
EnumSizeOpt,preheader-prot,Interaction,0.00345206998492343,0.54
EnumSizeOpt,ssc,Interaction,-0.0016279616327196376,0.64
EnumSizeOpt,strictnode-mutation,Interaction,0.0037024942761680214,0.74
EnumSizeOpt,tail-calls,Interaction,0.003928050488592057,0.56
EnumSizeOpt,type-promotion,Interaction,0.009392884260700387,0.58
EnumSizeOpt,vector-combine,Interaction,-0.004645614656125599,0.82
EnumSizeOpt,vp,Interaction,-0.0009128712592806322,0.4
ForceInline,2addr-hack,Interaction,-0.0014934403468214118,0.5
ForceInline,block-placement,Interaction,-0.0027392779029514675,0.54
ForceInline,branch-fold,Interaction,-0.00109904174214853,0.44
ForceInline,cgp-ext-ld-promotion,Interaction,-0.00664119735344141,0.9
ForceInline,cgp-store-extract,Interaction,-0.001194491723559798,0.46
ForceInline,chr,Interaction,0.0008448211295852879,0.42
ForceInline,copyprop,Interaction,-0.002067659945840378,0.54
ForceInline,early-taildup,Interaction,0.0034369395540448677,0.7
ForceInline,expand-reductions,Interaction,0.0019250877166688588,0.54
ForceInline,global-outlining,Interaction,-0.0020392756357863837,0.62
ForceInline,icp,Interaction,-0.002341423045724893,0.66
ForceInline,ifcvt-forked-diamond,Interaction,0.005714869311124236,0.68
ForceInline,ifcvt-triangle-false,Interaction,-0.002560580095317156,0.62
ForceInline,ifcvt-triangle-rev,Interaction,0.002332367638824683,0.46
ForceInline,interleaved-load-combine,Interaction,0.0018143395700948744,0.56
ForceInline,loop-level-heuristics,Interaction,0.0017777634715912777,0.48
ForceInline,machine-licm,Interaction,-0.0032134066113868936,0.48
ForceInline,machine-sink,Interaction,-0.00428969160623617,0.64
ForceInline,mr-partial-inlining,Interaction,0.004588621334351258,0.58
ForceInline,ondemand-mds-loading,Interaction,0.007842755967356287,0.76
ForceInline,phi-elim-edge-splitting,Interaction,0.002916026964746445,0.54
ForceInline,postra-machine-licm,Interaction,0.004452129118508834,0.6
ForceInline,preheader-prot,Interaction,-0.002388409228970689,0.46
ForceInline,select-optimize,Interaction,0.003489337357765707,0.72
ForceInline,spill-fusing,Interaction,0.010775522863997314,0.7
ForceInline,strictnode-mutation,Interaction,0.05265533477313736,0.74
ForceInline,tail-calls,Interaction,-0.0007786387595277416,0.52
ForceInline,tail-duplicate,Interaction,-0.010601264084070252,0.82
ForceInline,whole-program-visibility,Interaction,0.0006942278636808255,0.4
GVN,advanced-peeling,Interaction,-0.0011942639281121057,0.48
GVN,auto-upgrade-debug-info,Interaction,-0.006092467040720565,0.88
GVN,bitcode-version-upgrade,Interaction,-0.004014739171084056,0.72
GVN,block-placement,Interaction,0.007149116166820155,0.74
GVN,cfi-fixup,Interaction,-0.00453835379846049,0.74
GVN,cgdata-for-merging,Interaction,-0.0023892881327376085,0.46
GVN,cgp,Interaction,-0.005347247187513762,0.76
GVN,cgp-ext-ld-promotion,Interaction,0.00239943565451756,0.64
GVN,cgp-gc-opts,Interaction,-0.0017143832085370677,0.48
GVN,cgp-store-extract,Interaction,0.0017518628889841472,0.54
GVN,constant-hoisting,Interaction,0.0014718381160467456,0.48
GVN,demotion,Interaction,0.0029904629433592433,0.48
GVN,expand-reductions,Interaction,0.004995612085103636,0.68
GVN,gep-const-evaluation,Interaction,0.010826722608476254,0.56
GVN,global-outlining,Interaction,-0.002891587366612222,0.56
GVN,ifcvt-triangle,Interaction,-0.0021290631944337456,0.62
GVN,ifcvt-triangle-rev,Interaction,0.0023910575660038374,0.4
GVN,last-run-tracking,Interaction,-0.001697033975636357,0.58
GVN,layout-fsprofile-loader,Interaction,-0.004910994319585718,0.78
GVN,lftr,Interaction,0.029065802893712828,0.6
GVN,loop-idiom-vectorize-bytecmp,Interaction,0.0021706353035054952,0.4
GVN,loop-level-heuristics,Interaction,0.003317008465705242,0.64
GVN,machine-cse,Interaction,0.0032366632720784473,0.58
GVN,machine-dce,Interaction,0.00234099822675542,0.46
GVN,machine-sink,Interaction,0.008719859526343176,0.62
GVN,memop-opt,Interaction,-0.0019587186679800115,0.48
GVN,mergeicmps,Interaction,0.016784585356064138,0.96
GVN,nofree-inference,Interaction,-0.00130925040147838,0.46
GVN,non-allocatable-phys-copy-opt,Interaction,0.0041791367647100374,0.56
GVN,nounwind-inference,Interaction,-0.006709656969546741,0.84
GVN,ondemand-mds-loading,Interaction,-0.0016238186746273177,0.46
GVN,partial-inlining,Interaction,0.0351691670439727,1.0
GVN,peephole,Interaction,0.019397024593918358,0.64
GVN,post-ra,Interaction,0.010708868971298443,0.82
GVN,postra-machine-sink,Interaction,-0.002608139067614541,0.72
GVN,preheader-prot,Interaction,0.005527418931076611,0.8
GVN,preinline,Interaction,-0.0037925888065764874,0.66
GVN,ra-fsprofile-loader,Interaction,-0.0013959257352473544,0.58
GVN,replace-with-vec-lib,Interaction,0.001475780234972792,0.46
GVN,sample-loader-inlining,Interaction,-0.0014382725728255615,0.5
GVN,select-optimize,Interaction,-0.008902453826543,0.72
GVN,spill-fusing,Interaction,0.021655631205056272,0.94
GVN,ssc,Interaction,-0.0048423235872257775,0.84
GVN,thinlto-funcattrs,Interaction,-0.0021858277946323903,0.54
GVN,type-promotion,Interaction,-0.003481809405533441,0.66
GVN,vector-combine,Interaction,0.011017369868794593,0.88
ImpossiblePredicates,2addr-hack,Interaction,0.045199379105647856,0.94
ImpossiblePredicates,adv-copy-opt,Interaction,0.0038788507803199264,0.64
ImpossiblePredicates,advanced-peeling,Interaction,-0.037759795492663034,0.96
ImpossiblePredicates,auto-upgrade-debug-info,Interaction,0.08647753344828732,0.94
ImpossiblePredicates,binop-extract-shuffle,Interaction,-0.03231832799702032,0.98
ImpossiblePredicates,bitcode-version-upgrade,Interaction,0.04211301142092991,0.68
ImpossiblePredicates,block-placement,Interaction,-0.022513974849843604,0.9
ImpossiblePredicates,branch-fold,Interaction,0.005941192311597746,0.78
ImpossiblePredicates,cfi-fixup,Interaction,0.050567786102813254,0.94
ImpossiblePredicates,cgdata-for-merging,Interaction,0.02942902154842881,0.76
ImpossiblePredicates,cgp,Interaction,0.020272309656425427,0.72
ImpossiblePredicates,cgp-branch-opts,Interaction,-0.0257924122272242,0.94
ImpossiblePredicates,cgp-delete-phis,Interaction,0.01509177797672969,0.76
ImpossiblePredicates,cgp-ext-ld-promotion,Interaction,-0.007163787397940095,0.8
ImpossiblePredicates,cgp-select2branch,Interaction,-0.017175904778182847,0.94
ImpossiblePredicates,cgp-store-extract,Interaction,-0.007485511733778341,0.7
ImpossiblePredicates,chr,Interaction,-0.011841325652674515,0.78
ImpossiblePredicates,cleanups,Interaction,0.08352279749354966,0.86
ImpossiblePredicates,complex-addr-modes,Interaction,0.07470203407620984,0.96
ImpossiblePredicates,constant-hoisting,Interaction,0.01483032570542513,0.78
ImpossiblePredicates,copyprop,Interaction,0.05317697390852115,0.68
ImpossiblePredicates,demotion,Interaction,0.027328357304939304,0.84
ImpossiblePredicates,dfa-sched,Interaction,0.05132392070986703,0.98
ImpossiblePredicates,early-ifcvt,Interaction,-0.013485339646229597,0.88
ImpossiblePredicates,early-taildup,Interaction,-0.00811312480154447,0.84
ImpossiblePredicates,expand-reductions,Interaction,-0.028394718980717822,0.94
ImpossiblePredicates,gep-const-evaluation,Interaction,0.008845382826151533,0.68
ImpossiblePredicates,global-outlining,Interaction,0.013890615153933895,0.84
ImpossiblePredicates,i2p-p2i-opt,Interaction,0.007024582021888356,0.64
ImpossiblePredicates,ifcvt-diamond,Interaction,-0.007278533088312964,0.78
ImpossiblePredicates,ifcvt-forked-diamond,Interaction,-0.002892830649940325,0.48
ImpossiblePredicates,ifcvt-simple-false,Interaction,-0.0044861623770744916,0.6
ImpossiblePredicates,ifcvt-triangle,Interaction,-0.005021519511382998,0.64
ImpossiblePredicates,interleaved-load-combine,Interaction,-0.02188089907530809,0.94
ImpossiblePredicates,last-run-tracking,Interaction,0.07153470363528375,0.96
ImpossiblePredicates,layout-fsprofile-loader,Interaction,0.05205149724623143,0.92
ImpossiblePredicates,lftr,Interaction,-0.01874460061927139,0.9
ImpossiblePredicates,licm-promotion,Interaction,-0.045772712254274414,0.94
ImpossiblePredicates,loop-idiom-vectorize-all,Interaction,-0.0315447375408547,0.96
ImpossiblePredicates,loop-idiom-vectorize-bytecmp,Interaction,-0.02414984840946431,0.92
ImpossiblePredicates,loop-level-heuristics,Interaction,-0.03739082065825118,0.98
ImpossiblePredicates,lsr,Interaction,-0.03655831040596821,0.96
ImpossiblePredicates,machine-cse,Interaction,-0.001819665899957196,0.4
ImpossiblePredicates,machine-licm,Interaction,-0.03580901870650243,0.94
ImpossiblePredicates,machine-sink,Interaction,0.016361510163715426,0.84
ImpossiblePredicates,memop-opt,Interaction,0.0014180175666353683,0.42
ImpossiblePredicates,mergeicmps,Interaction,0.034470909634924767,0.9
ImpossiblePredicates,mr-partial-inlining,Interaction,0.07925122915652505,0.84
ImpossiblePredicates,nofree-inference,Interaction,0.004208024491047074,0.58
ImpossiblePredicates,non-allocatable-phys-copy-opt,Interaction,0.05300385879988734,0.96
ImpossiblePredicates,ondemand-mds-loading,Interaction,0.024639182830896757,0.7
ImpossiblePredicates,partial-inlining,Interaction,0.0791684289192273,0.96
ImpossiblePredicates,partial-libcall-inlining,Interaction,0.039677299696568157,0.66
ImpossiblePredicates,peephole,Interaction,0.057631118229524506,0.86
ImpossiblePredicates,phi-elim-edge-splitting,Interaction,0.055364102844354675,0.96
ImpossiblePredicates,post-ra,Interaction,0.033496085865417496,0.98
ImpossiblePredicates,postra-machine-licm,Interaction,-0.017339668052694903,0.9
ImpossiblePredicates,postra-machine-sink,Interaction,0.04547081574822699,0.9
ImpossiblePredicates,preheader-prot,Interaction,-0.03515479361385219,0.94
ImpossiblePredicates,preinline,Interaction,0.036482549886912026,0.92
ImpossiblePredicates,promote-alloca-to-vector,Interaction,-0.03209323313303286,1.0
ImpossiblePredicates,ra-fsprofile-loader,Interaction,0.013784264671511798,0.7
ImpossiblePredicates,replace-with-vec-lib,Interaction,-0.03296531133814518,0.96
ImpossiblePredicates,sample-loader-inlining,Interaction,0.028176256925859587,0.82
ImpossiblePredicates,select-optimize,Interaction,0.03801239905858504,0.74
ImpossiblePredicates,separate-const-offset-from-gep,Interaction,0.021335178442070894,0.84
ImpossiblePredicates,spill-fusing,Interaction,0.02087423771703051,0.82
ImpossiblePredicates,strictnode-mutation,Interaction,0.007512397426709564,0.56
ImpossiblePredicates,tail-calls,Interaction,-0.007163013649995114,0.76
ImpossiblePredicates,tail-duplicate,Interaction,-0.0033192591619997445,0.42
ImpossiblePredicates,thinlto-funcattrs,Interaction,0.05286527531244824,0.88
ImpossiblePredicates,type-promotion,Interaction,0.0655997669061053,0.94
ImpossiblePredicates,vector-combine,Interaction,-0.022589129510653838,0.96
ImpossiblePredicates,vp,Interaction,0.014532346362197177,0.9
ImpossiblePredicates,whole-program-visibility,Interaction,0.04136252477406073,0.84
Inline,2addr-hack,Interaction,-0.008935491155322276,0.74
Inline,adv-copy-opt,Interaction,-0.005072481580068443,0.76
Inline,advanced-peeling,Interaction,0.030985955405847903,0.84
Inline,auto-upgrade-debug-info,Interaction,-0.020217094801224515,0.92
Inline,binop-extract-shuffle,Interaction,0.038484059520087106,0.86
Inline,bitcode-version-upgrade,Interaction,0.0012201172735175642,0.62
Inline,branch-fold,Interaction,0.034963787630950496,0.9
Inline,cfi-fixup,Interaction,-0.021415468298986832,0.96
Inline,cgdata-for-merging,Interaction,0.022351108928137006,0.96
Inline,cgp,Interaction,0.0036429651626951704,0.66
Inline,cgp-branch-opts,Interaction,0.0037545114583314738,0.7
Inline,cgp-delete-phis,Interaction,0.058447802404222676,0.88
Inline,cgp-ext-ld-promotion,Interaction,-0.006939644663981387,0.66
Inline,cgp-gc-opts,Interaction,0.011380459661566979,0.88
Inline,cgp-select2branch,Interaction,0.07558930120537989,0.88
Inline,cgp-store-extract,Interaction,0.01541686093743912,0.86
Inline,chr,Interaction,0.0014402293545482062,0.78
Inline,cleanups,Interaction,0.008520606034385257,0.66
Inline,complex-addr-modes,Interaction,-0.0241699309116138,0.98
Inline,constant-hoisting,Interaction,-0.002141609029670041,0.5
Inline,copyprop,Interaction,0.022671402679911586,0.88
Inline,demotion,Interaction,0.0397843753854574,0.82
Inline,dfa-sched,Interaction,-0.0240796277108594,0.92
Inline,early-ifcvt,Interaction,-0.019742950686285687,0.96
Inline,early-taildup,Interaction,-0.013930089646271704,0.76
Inline,expand-reductions,Interaction,0.010429050815814762,0.74
Inline,gep-const-evaluation,Interaction,0.017671061320144822,0.88
Inline,global-outlining,Interaction,0.0323850786524901,0.92
Inline,i2p-p2i-opt,Interaction,-0.018834007021317527,0.9
Inline,icp,Interaction,-0.012825563174410302,0.86
Inline,ifcvt-diamond,Interaction,-0.002545829892580213,0.52
Inline,ifcvt-forked-diamond,Interaction,0.10164108401595573,0.92
Inline,ifcvt-simple,Interaction,0.030033648833713626,0.94
Inline,ifcvt-simple-false,Interaction,0.02570609296694109,0.76
Inline,ifcvt-triangle,Interaction,0.019586173135666546,0.86
Inline,ifcvt-triangle-false,Interaction,0.06061332851743672,0.96
Inline,ifcvt-triangle-rev,Interaction,0.04907199725549867,0.84
Inline,interleaved-load-combine,Interaction,0.024172523928566815,0.86
Inline,last-run-tracking,Interaction,-0.025891893248775544,0.94
Inline,layout-fsprofile-loader,Interaction,0.006243705461080843,0.8
Inline,lftr,Interaction,0.013236368195716433,0.82
Inline,licm-promotion,Interaction,0.037088464539743085,0.84
Inline,loop-idiom-vectorize-all,Interaction,0.09863891768821734,0.98
Inline,loop-idiom-vectorize-bytecmp,Interaction,0.012448815218371547,0.66
Inline,loop-level-heuristics,Interaction,0.022328832196605215,0.84
Inline,lsr,Interaction,0.048609912453850226,0.94
Inline,machine-cse,Interaction,0.06327915207316494,0.9
Inline,machine-dce,Interaction,0.03626487240297372,0.78
Inline,machine-licm,Interaction,0.051354334074698915,0.8
Inline,machine-sink,Interaction,0.047922798505994416,0.92
Inline,memop-opt,Interaction,-0.02839437233752955,0.94
Inline,mergeicmps,Interaction,0.049015100988704284,0.98
Inline,mr-partial-inlining,Interaction,0.024150121591290215,0.84
Inline,nofree-inference,Interaction,0.0035473947769762287,0.9
Inline,non-allocatable-phys-copy-opt,Interaction,0.007660048296926279,0.8
Inline,nounwind-inference,Interaction,-0.02386463263406079,0.96
Inline,ondemand-mds-loading,Interaction,-0.00724429951827437,0.74
Inline,partial-inlining,Interaction,-0.03014873328773751,0.96
Inline,partial-libcall-inlining,Interaction,0.009944919550455454,0.72
Inline,peephole,Interaction,-0.01633116882638974,0.92
Inline,phi-elim-edge-splitting,Interaction,0.01803428739186027,0.64
Inline,post-ra,Interaction,-0.021956967499507134,0.88
Inline,postra-machine-licm,Interaction,-0.013786240244284605,0.88
Inline,postra-machine-sink,Interaction,0.07848513778847872,1.0
Inline,preheader-prot,Interaction,0.061048271326819135,1.0
Inline,preinline,Interaction,-0.008475024812551276,0.82
Inline,promote-alloca-to-vector,Interaction,0.011337841138661008,0.8
Inline,ra-fsprofile-loader,Interaction,-0.02110450088067452,0.94
Inline,replace-with-vec-lib,Interaction,0.00453909280774079,0.54
Inline,sample-loader-inlining,Interaction,-0.01289710311400934,0.84
Inline,select-optimize,Interaction,-0.01153352797949314,0.86
Inline,separate-const-offset-from-gep,Interaction,-0.008053239693909316,0.72
Inline,spill-fusing,Interaction,0.015405910281106472,0.8
Inline,ssc,Interaction,0.013661891755832793,0.82
Inline,strictnode-mutation,Interaction,0.004900113473748638,0.58
Inline,tail-calls,Interaction,0.021251825868638035,0.84
Inline,tail-duplicate,Interaction,-0.005500268497119547,0.6
Inline,thinlto-funcattrs,Interaction,0.030842258370324786,0.78
Inline,type-promotion,Interaction,0.010876436040207032,0.78
Inline,vector-combine,Interaction,0.02845228975965783,0.76
Inline,vp,Interaction,0.008484329379794356,0.86
Inline,whole-program-visibility,Interaction,-0.017052353874731127,0.92
InstSimplify-after-simplifycfg,2addr-hack,Interaction,-0.006518192948304458,0.6
InstSimplify-after-simplifycfg,adv-copy-opt,Interaction,0.017047883404573364,0.76
InstSimplify-after-simplifycfg,advanced-peeling,Interaction,0.019383313019967128,0.76
InstSimplify-after-simplifycfg,auto-upgrade-debug-info,Interaction,-0.006016111643363689,0.86
InstSimplify-after-simplifycfg,binop-extract-shuffle,Interaction,0.005244158676816081,0.5
InstSimplify-after-simplifycfg,bitcode-version-upgrade,Interaction,0.012944828210092595,0.7
InstSimplify-after-simplifycfg,block-placement,Interaction,0.007208666516347389,0.64
InstSimplify-after-simplifycfg,cfi-fixup,Interaction,-0.0043040811191611674,0.7
InstSimplify-after-simplifycfg,cgdata-for-merging,Interaction,0.0011855897008601214,0.54
InstSimplify-after-simplifycfg,cgp,Interaction,-0.004586014840137582,0.62
InstSimplify-after-simplifycfg,cgp-branch-opts,Interaction,0.039288674172771286,0.94
InstSimplify-after-simplifycfg,cgp-delete-phis,Interaction,0.022321567292924893,0.9
InstSimplify-after-simplifycfg,cgp-ext-ld-promotion,Interaction,0.02501204071767947,0.86
InstSimplify-after-simplifycfg,cgp-gc-opts,Interaction,-0.000738531433312559,0.82
InstSimplify-after-simplifycfg,cgp-select2branch,Interaction,0.0018484591321907924,0.6
InstSimplify-after-simplifycfg,cgp-store-extract,Interaction,-0.012040469716710476,0.94
InstSimplify-after-simplifycfg,chr,Interaction,-0.0018747068833023398,0.42
InstSimplify-after-simplifycfg,cleanups,Interaction,-0.0022771772344681563,0.44
InstSimplify-after-simplifycfg,complex-addr-modes,Interaction,0.009935622861955542,0.82
InstSimplify-after-simplifycfg,constant-hoisting,Interaction,0.01963015957171726,0.6
InstSimplify-after-simplifycfg,copyprop,Interaction,0.008662412297100311,0.64
InstSimplify-after-simplifycfg,demotion,Interaction,0.015455921226864537,0.8
InstSimplify-after-simplifycfg,dfa-sched,Interaction,0.029403517777680566,0.8
InstSimplify-after-simplifycfg,early-ifcvt,Interaction,0.005381382888979915,0.52
InstSimplify-after-simplifycfg,early-taildup,Interaction,-0.0032506994460303196,0.62
InstSimplify-after-simplifycfg,expand-reductions,Interaction,0.003950145701887844,0.56
InstSimplify-after-simplifycfg,gep-const-evaluation,Interaction,0.022605184087452573,0.8
InstSimplify-after-simplifycfg,global-outlining,Interaction,-0.005995437762468287,0.68
InstSimplify-after-simplifycfg,i2p-p2i-opt,Interaction,-0.010908513510245587,0.9
InstSimplify-after-simplifycfg,icp,Interaction,0.031139390803902187,0.9
InstSimplify-after-simplifycfg,ifcvt-diamond,Interaction,-0.005964395457445382,0.66
InstSimplify-after-simplifycfg,ifcvt-forked-diamond,Interaction,0.004001691342192851,0.66
InstSimplify-after-simplifycfg,ifcvt-simple,Interaction,0.0024657248706757545,0.44
InstSimplify-after-simplifycfg,ifcvt-simple-false,Interaction,0.0017954959666644668,0.6
InstSimplify-after-simplifycfg,ifcvt-triangle,Interaction,0.016382788256622385,0.86
InstSimplify-after-simplifycfg,ifcvt-triangle-rev,Interaction,0.008955518791594222,0.7
InstSimplify-after-simplifycfg,interleaved-load-combine,Interaction,-0.0026187289916965715,0.48
InstSimplify-after-simplifycfg,last-run-tracking,Interaction,0.006522709722374349,0.72
InstSimplify-after-simplifycfg,layout-fsprofile-loader,Interaction,-0.0033822713104201996,0.52
InstSimplify-after-simplifycfg,lftr,Interaction,0.007722146397111385,0.6
InstSimplify-after-simplifycfg,licm-promotion,Interaction,0.0017357992834968075,0.5
InstSimplify-after-simplifycfg,loop-idiom-vectorize-all,Interaction,0.0016279293511340786,0.52
InstSimplify-after-simplifycfg,loop-level-heuristics,Interaction,0.04839440394403379,0.94
InstSimplify-after-simplifycfg,lsr,Interaction,-0.007100140752331836,0.84
InstSimplify-after-simplifycfg,machine-cse,Interaction,0.01164578666618788,0.6
InstSimplify-after-simplifycfg,machine-dce,Interaction,0.010727244586249707,0.66
InstSimplify-after-simplifycfg,machine-licm,Interaction,0.03650411966427641,0.98
InstSimplify-after-simplifycfg,machine-sink,Interaction,0.012223235641682307,0.72
InstSimplify-after-simplifycfg,mergeicmps,Interaction,0.010462365002819168,0.78
InstSimplify-after-simplifycfg,mr-partial-inlining,Interaction,-0.019697026498487105,0.98
InstSimplify-after-simplifycfg,nofree-inference,Interaction,0.006765436070007895,0.76
InstSimplify-after-simplifycfg,nounwind-inference,Interaction,-0.004184722330005589,0.64
InstSimplify-after-simplifycfg,ondemand-mds-loading,Interaction,0.014897598968984477,0.9
InstSimplify-after-simplifycfg,partial-inlining,Interaction,0.03569950897001648,0.84
InstSimplify-after-simplifycfg,partial-libcall-inlining,Interaction,0.01437696326445793,0.78
InstSimplify-after-simplifycfg,peephole,Interaction,0.014416910300105792,0.8
InstSimplify-after-simplifycfg,phi-elim-edge-splitting,Interaction,-0.0038366737346257557,0.68
InstSimplify-after-simplifycfg,post-ra,Interaction,-0.005412072921683353,0.6
InstSimplify-after-simplifycfg,postra-machine-licm,Interaction,0.005411781989071148,0.74
InstSimplify-after-simplifycfg,postra-machine-sink,Interaction,0.000326702573934585,0.7
InstSimplify-after-simplifycfg,preheader-prot,Interaction,0.019398058750408488,0.64
InstSimplify-after-simplifycfg,preinline,Interaction,-0.0038235444342497676,0.7
InstSimplify-after-simplifycfg,ra-fsprofile-loader,Interaction,-0.008190192703088031,0.66
InstSimplify-after-simplifycfg,replace-with-vec-lib,Interaction,0.006561397481155706,0.64
InstSimplify-after-simplifycfg,sample-loader-inlining,Interaction,0.013439954286170154,0.86
InstSimplify-after-simplifycfg,select-optimize,Interaction,0.02672999962894343,0.92
InstSimplify-after-simplifycfg,separate-const-offset-from-gep,Interaction,0.006501021039932351,0.82
InstSimplify-after-simplifycfg,spill-fusing,Interaction,0.090675356050486,0.96
InstSimplify-after-simplifycfg,ssc,Interaction,0.014556666207316202,0.78
InstSimplify-after-simplifycfg,strictnode-mutation,Interaction,0.04638904403490288,0.9
InstSimplify-after-simplifycfg,tail-calls,Interaction,0.020471798768446445,0.8
InstSimplify-after-simplifycfg,tail-duplicate,Interaction,-0.0004938963481597138,0.62
InstSimplify-after-simplifycfg,thinlto-funcattrs,Interaction,-0.009007058479181757,0.78
InstSimplify-after-simplifycfg,type-promotion,Interaction,0.02154887388621081,0.8
InstSimplify-after-simplifycfg,vector-combine,Interaction,-0.0036782890979335098,0.66
InstSimplify-after-simplifycfg,vp,Interaction,-0.0030031127410744306,0.7
InstSimplify-after-simplifycfg,whole-program-visibility,Interaction,-0.017224936540073104,0.92
InstSimplify-before-inline,2addr-hack,Interaction,0.0034909125133968945,0.44
InstSimplify-before-inline,adv-copy-opt,Interaction,0.007123096749627284,0.82
InstSimplify-before-inline,advanced-peeling,Interaction,-0.01336363132357644,0.9
InstSimplify-before-inline,auto-upgrade-debug-info,Interaction,0.03319214322640915,0.86
InstSimplify-before-inline,binop-extract-shuffle,Interaction,0.004307754231761176,0.74
InstSimplify-before-inline,bitcode-version-upgrade,Interaction,0.02340363998948863,0.72
InstSimplify-before-inline,block-placement,Interaction,-0.011767168789670539,0.76
InstSimplify-before-inline,branch-fold,Interaction,-0.019742105792975414,0.98
InstSimplify-before-inline,cfi-fixup,Interaction,-0.0016772845574204271,0.42
InstSimplify-before-inline,cgdata-for-merging,Interaction,0.021281228825439008,0.8
InstSimplify-before-inline,cgp,Interaction,0.009275028957077153,0.74
InstSimplify-before-inline,cgp-branch-opts,Interaction,-0.017895585050557616,0.94
InstSimplify-before-inline,cgp-delete-phis,Interaction,-0.017986748720111946,0.9
InstSimplify-before-inline,cgp-ext-ld-promotion,Interaction,0.019517442473512104,0.86
InstSimplify-before-inline,cgp-gc-opts,Interaction,0.0014976665184419557,0.64
InstSimplify-before-inline,cgp-select2branch,Interaction,-0.02171971171441624,0.92
InstSimplify-before-inline,cgp-store-extract,Interaction,-0.008416162199782634,0.76
InstSimplify-before-inline,chr,Interaction,-0.02178410860324058,0.94
InstSimplify-before-inline,cleanups,Interaction,-0.009054713497265965,0.8
InstSimplify-before-inline,complex-addr-modes,Interaction,0.0070350170188071635,0.72
InstSimplify-before-inline,constant-hoisting,Interaction,-0.019176005678727463,0.92
InstSimplify-before-inline,copyprop,Interaction,-0.00017207932966182928,0.68
InstSimplify-before-inline,demotion,Interaction,0.002805274432539215,0.84
InstSimplify-before-inline,dfa-sched,Interaction,0.05735157692501001,0.94
InstSimplify-before-inline,early-ifcvt,Interaction,-0.017212747752715432,0.88
InstSimplify-before-inline,early-taildup,Interaction,-0.010189888838565924,0.82
InstSimplify-before-inline,expand-reductions,Interaction,-0.015136899388735484,0.88
InstSimplify-before-inline,gep-const-evaluation,Interaction,0.04716374384110142,0.74
InstSimplify-before-inline,global-outlining,Interaction,0.033230083904614544,0.94
InstSimplify-before-inline,i2p-p2i-opt,Interaction,0.0025543436445744187,0.56
InstSimplify-before-inline,icp,Interaction,0.0981344160788623,0.96
InstSimplify-before-inline,ifcvt-diamond,Interaction,-0.018906856438894528,0.94
InstSimplify-before-inline,ifcvt-forked-diamond,Interaction,0.00721251517412026,0.66
InstSimplify-before-inline,ifcvt-simple,Interaction,0.0055616559960436655,0.68
InstSimplify-before-inline,ifcvt-simple-false,Interaction,-0.014495298189340694,0.94
InstSimplify-before-inline,ifcvt-triangle,Interaction,-0.002483942116672853,0.48
InstSimplify-before-inline,ifcvt-triangle-false,Interaction,0.01986517898757142,0.86
InstSimplify-before-inline,ifcvt-triangle-rev,Interaction,0.005957403051115978,0.78
InstSimplify-before-inline,interleaved-load-combine,Interaction,0.03934564179805518,0.94
InstSimplify-before-inline,last-run-tracking,Interaction,0.0072502862956763696,0.66
InstSimplify-before-inline,layout-fsprofile-loader,Interaction,0.03444165694080985,0.94
InstSimplify-before-inline,lftr,Interaction,-0.013139443177730368,0.92
InstSimplify-before-inline,licm-promotion,Interaction,0.025880218397372624,0.86
InstSimplify-before-inline,loop-idiom-vectorize-all,Interaction,-0.006918083888592913,0.7
InstSimplify-before-inline,loop-idiom-vectorize-bytecmp,Interaction,0.006322025313979127,0.82
InstSimplify-before-inline,loop-level-heuristics,Interaction,-0.014531366967230928,0.84
InstSimplify-before-inline,lsr,Interaction,-0.007699108081420063,0.8
InstSimplify-before-inline,machine-cse,Interaction,0.0802123584173034,0.92
InstSimplify-before-inline,machine-dce,Interaction,-0.0010166471433495842,0.8
InstSimplify-before-inline,machine-licm,Interaction,-0.005591185914080032,0.74
InstSimplify-before-inline,machine-sink,Interaction,0.040454815194516866,0.78
InstSimplify-before-inline,memop-opt,Interaction,0.026891044607305074,0.92
InstSimplify-before-inline,mergeicmps,Interaction,0.07629753629398472,0.88
InstSimplify-before-inline,mr-partial-inlining,Interaction,0.015616717617113592,0.58
InstSimplify-before-inline,nofree-inference,Interaction,0.02200733541421697,0.7
InstSimplify-before-inline,non-allocatable-phys-copy-opt,Interaction,0.01285696345571719,0.58
InstSimplify-before-inline,nounwind-inference,Interaction,0.037760170697760644,0.92
InstSimplify-before-inline,ondemand-mds-loading,Interaction,-0.0171737580566183,0.9
InstSimplify-before-inline,partial-inlining,Interaction,0.03886212491719994,0.86
InstSimplify-before-inline,partial-libcall-inlining,Interaction,0.029321996856039916,0.88
InstSimplify-before-inline,peephole,Interaction,0.014387724905897886,0.72
InstSimplify-before-inline,post-ra,Interaction,0.015198613604546411,0.94
InstSimplify-before-inline,postra-machine-licm,Interaction,-0.0017006621340237957,0.8
InstSimplify-before-inline,postra-machine-sink,Interaction,-0.00608590338209248,0.7
InstSimplify-before-inline,preheader-prot,Interaction,-0.016635433193640206,0.96
InstSimplify-before-inline,promote-alloca-to-vector,Interaction,-0.032856921727619726,1.0
InstSimplify-before-inline,ra-fsprofile-loader,Interaction,0.011390231394035714,0.9
InstSimplify-before-inline,replace-with-vec-lib,Interaction,-0.010664019049977082,0.88
InstSimplify-before-inline,sample-loader-inlining,Interaction,0.004241273307441939,0.56
InstSimplify-before-inline,select-optimize,Interaction,0.015865537792488515,0.84
InstSimplify-before-inline,separate-const-offset-from-gep,Interaction,0.030567135601805514,0.92
InstSimplify-before-inline,spill-fusing,Interaction,0.05823777848291996,0.96
InstSimplify-before-inline,strictnode-mutation,Interaction,0.06305686658169067,0.94
InstSimplify-before-inline,tail-calls,Interaction,0.02130549070741214,0.92
InstSimplify-before-inline,tail-duplicate,Interaction,-0.0076147394676018346,0.78
InstSimplify-before-inline,thinlto-funcattrs,Interaction,0.0037079806527223515,0.6
InstSimplify-before-inline,type-promotion,Interaction,0.013151354328071104,0.72
InstSimplify-before-inline,vector-combine,Interaction,0.025332625122167166,0.78
InstSimplify-before-inline,vp,Interaction,0.057391571375601004,0.98
InstSimplify-before-inline,whole-program-visibility,Interaction,0.032298700566880466,0.74
JumpThreading,2addr-hack,Interaction,0.0014123700480919593,0.7
JumpThreading,adv-copy-opt,Interaction,0.025918411177963688,0.98
JumpThreading,advanced-peeling,Interaction,0.018002778184867393,0.82
JumpThreading,auto-upgrade-debug-info,Interaction,0.0115748981506793,0.68
JumpThreading,binop-extract-shuffle,Interaction,0.022850741034427493,0.88
JumpThreading,bitcode-version-upgrade,Interaction,-0.007612218198090151,0.64
JumpThreading,block-placement,Interaction,0.01242640656867917,0.58
JumpThreading,branch-fold,Interaction,0.01603911361945443,0.74
JumpThreading,cfi-fixup,Interaction,-0.015100784769432765,0.92
JumpThreading,cgdata-for-merging,Interaction,0.011014486911966553,0.74
JumpThreading,cgp,Interaction,-0.01153542448698274,0.86
JumpThreading,cgp-branch-opts,Interaction,0.028720360711422952,0.8
JumpThreading,cgp-delete-phis,Interaction,-0.004639443949279239,0.5
JumpThreading,cgp-ext-ld-promotion,Interaction,0.00025072202246142746,0.54
JumpThreading,cgp-gc-opts,Interaction,0.023962089418682973,0.82
JumpThreading,cgp-select2branch,Interaction,0.04742286387638697,0.66
JumpThreading,cgp-store-extract,Interaction,0.003685807114084924,0.7
JumpThreading,chr,Interaction,-0.009072218886804538,0.82
JumpThreading,cleanups,Interaction,0.002997001194320814,0.68
JumpThreading,complex-addr-modes,Interaction,0.03638681509060958,0.94
JumpThreading,demotion,Interaction,0.03920664781774555,0.82
JumpThreading,dfa-sched,Interaction,-0.003516204383238122,0.64
JumpThreading,early-ifcvt,Interaction,-0.01733668084289579,0.86
JumpThreading,early-taildup,Interaction,0.027136889349521826,0.74
JumpThreading,expand-reductions,Interaction,0.010514475566732422,0.52
JumpThreading,gep-const-evaluation,Interaction,-0.019923705272674456,0.96
JumpThreading,global-outlining,Interaction,-0.003911810059721355,0.6
JumpThreading,i2p-p2i-opt,Interaction,0.018717477456799927,0.66
JumpThreading,icp,Interaction,0.002773439348856006,0.42
JumpThreading,ifcvt-diamond,Interaction,0.010806494897974653,0.64
JumpThreading,ifcvt-forked-diamond,Interaction,0.01811962732496748,0.9
JumpThreading,ifcvt-simple,Interaction,0.0016154934241006543,0.74
JumpThreading,ifcvt-simple-false,Interaction,0.010090363084942815,0.82
JumpThreading,ifcvt-triangle,Interaction,0.03040920490396707,0.92
JumpThreading,ifcvt-triangle-false,Interaction,0.02127476600452514,0.96
JumpThreading,ifcvt-triangle-rev,Interaction,0.0015831417518649095,0.64
JumpThreading,interleaved-load-combine,Interaction,-0.008934619802789501,0.92
JumpThreading,last-run-tracking,Interaction,0.02612304970804359,0.84
JumpThreading,layout-fsprofile-loader,Interaction,-0.014012576477594869,0.92
JumpThreading,licm-promotion,Interaction,0.036986700385203346,0.92
JumpThreading,loop-idiom-vectorize-all,Interaction,-0.01115292082708469,0.74
JumpThreading,loop-idiom-vectorize-bytecmp,Interaction,0.002291791807156894,0.52
JumpThreading,loop-level-heuristics,Interaction,-0.0015888604576690963,0.42
JumpThreading,lsr,Interaction,0.016532207814269336,0.62
JumpThreading,machine-cse,Interaction,0.006494704131514828,0.68
JumpThreading,machine-dce,Interaction,-0.0027349103002950992,0.62
JumpThreading,machine-licm,Interaction,0.037525792361593535,1.0
JumpThreading,machine-sink,Interaction,0.017957521742000198,0.82
JumpThreading,memop-opt,Interaction,0.003803708056701494,0.56
JumpThreading,mergeicmps,Interaction,-0.012140606692132844,0.66
JumpThreading,mr-partial-inlining,Interaction,0.027171074751202465,0.92
JumpThreading,nofree-inference,Interaction,0.006659202395724826,0.66
JumpThreading,non-allocatable-phys-copy-opt,Interaction,-0.008236502535962743,0.76
JumpThreading,nounwind-inference,Interaction,0.0008865108700958121,0.66
JumpThreading,ondemand-mds-loading,Interaction,-0.02058295770634203,0.92
JumpThreading,partial-inlining,Interaction,-0.007865266995844722,0.84
JumpThreading,partial-libcall-inlining,Interaction,-0.03099500090083802,0.94
JumpThreading,peephole,Interaction,0.005994692293714409,0.48
JumpThreading,phi-elim-edge-splitting,Interaction,-0.0018677012600889528,0.52
JumpThreading,post-ra,Interaction,0.014645369039161044,0.82
JumpThreading,postra-machine-licm,Interaction,0.04152290388362187,0.84
JumpThreading,postra-machine-sink,Interaction,0.05809459050434988,0.92
JumpThreading,preheader-prot,Interaction,0.009280369809379246,0.76
JumpThreading,preinline,Interaction,0.023149892842309183,0.82
JumpThreading,promote-alloca-to-vector,Interaction,0.013060864799006013,0.76
JumpThreading,ra-fsprofile-loader,Interaction,0.03701167649385497,0.98
JumpThreading,replace-with-vec-lib,Interaction,0.0384443370255029,0.76
JumpThreading,sample-loader-inlining,Interaction,-0.007151636073303674,0.72
JumpThreading,select-optimize,Interaction,-0.0058852188273386665,0.7
JumpThreading,separate-const-offset-from-gep,Interaction,0.031732823427251616,0.9
JumpThreading,spill-fusing,Interaction,-0.01619694524661554,0.94
JumpThreading,ssc,Interaction,-0.0020693102752167803,0.6
JumpThreading,strictnode-mutation,Interaction,-0.021032304598935708,0.94
JumpThreading,tail-calls,Interaction,0.015002487025749132,0.66
JumpThreading,tail-duplicate,Interaction,0.023653333385209686,0.78
JumpThreading,thinlto-funcattrs,Interaction,-0.02240463871237836,0.88
JumpThreading,type-promotion,Interaction,0.002660977699291149,0.66
JumpThreading,vector-combine,Interaction,0.018855565285833917,0.78
JumpThreading,vp,Interaction,0.0030086932666637057,0.66
JumpThreading,whole-program-visibility,Interaction,-0.009552630135309895,0.84
MatchBranchSimplification,2addr-hack,Interaction,0.010903309253659964,0.72
MatchBranchSimplification,adv-copy-opt,Interaction,0.0255986769075255,0.9
MatchBranchSimplification,advanced-peeling,Interaction,-0.007993231634850566,0.82
MatchBranchSimplification,auto-upgrade-debug-info,Interaction,0.0032207568890439413,0.74
MatchBranchSimplification,bitcode-version-upgrade,Interaction,0.00696829934570944,0.7
MatchBranchSimplification,block-placement,Interaction,0.00917495877722473,0.64
MatchBranchSimplification,branch-fold,Interaction,0.015804302236713405,0.64
MatchBranchSimplification,cfi-fixup,Interaction,-0.0058249353753715505,0.68
MatchBranchSimplification,cgdata-for-merging,Interaction,-0.0034383424489897903,0.56
MatchBranchSimplification,cgp,Interaction,0.015281919766867774,0.78
MatchBranchSimplification,cgp-branch-opts,Interaction,0.01022897390673449,0.68
MatchBranchSimplification,cgp-delete-phis,Interaction,0.01592735589161645,0.72
MatchBranchSimplification,cgp-ext-ld-promotion,Interaction,0.02299919338152975,0.84
MatchBranchSimplification,cgp-gc-opts,Interaction,-0.000792816933848314,0.58
MatchBranchSimplification,cgp-select2branch,Interaction,-0.002335547696882544,0.74
MatchBranchSimplification,cgp-store-extract,Interaction,0.061548787811456264,0.96
MatchBranchSimplification,chr,Interaction,0.00721534521494124,0.8
MatchBranchSimplification,cleanups,Interaction,-0.004748501049040338,0.68
MatchBranchSimplification,complex-addr-modes,Interaction,0.01590751447706438,0.74
MatchBranchSimplification,constant-hoisting,Interaction,0.01315071185919117,0.8
MatchBranchSimplification,copyprop,Interaction,0.021511602655870744,0.9
MatchBranchSimplification,demotion,Interaction,0.008773916651609296,0.72
MatchBranchSimplification,dfa-sched,Interaction,0.010126989208184918,0.68
MatchBranchSimplification,early-ifcvt,Interaction,0.019996562687106024,0.9
MatchBranchSimplification,expand-reductions,Interaction,0.03161897269029623,0.96
MatchBranchSimplification,gep-const-evaluation,Interaction,0.0064746235183343855,0.72
MatchBranchSimplification,global-outlining,Interaction,0.017792996473906076,0.68
MatchBranchSimplification,i2p-p2i-opt,Interaction,-0.0032884271482001904,0.54
MatchBranchSimplification,icp,Interaction,0.011919365746795967,0.84
MatchBranchSimplification,ifcvt-diamond,Interaction,0.03187900246262764,0.92
MatchBranchSimplification,ifcvt-forked-diamond,Interaction,0.002117637579343251,0.5
MatchBranchSimplification,ifcvt-simple,Interaction,-0.009623438717292303,0.64
MatchBranchSimplification,ifcvt-simple-false,Interaction,-0.009848041463129493,0.86
MatchBranchSimplification,ifcvt-triangle,Interaction,0.006059322341308884,0.8
MatchBranchSimplification,ifcvt-triangle-false,Interaction,0.00557889108710227,0.62
MatchBranchSimplification,ifcvt-triangle-rev,Interaction,0.019598896346153843,0.84
MatchBranchSimplification,last-run-tracking,Interaction,-0.003796462508252124,0.66
MatchBranchSimplification,lftr,Interaction,-0.003295204775319533,0.66
MatchBranchSimplification,licm-promotion,Interaction,0.008220420761057265,0.82
MatchBranchSimplification,loop-idiom-vectorize-all,Interaction,0.013264374127729637,0.9
MatchBranchSimplification,loop-idiom-vectorize-bytecmp,Interaction,0.032360276158672534,0.82
MatchBranchSimplification,loop-level-heuristics,Interaction,0.0013752715362908752,0.44
MatchBranchSimplification,lsr,Interaction,-0.01227583862102919,0.82
MatchBranchSimplification,machine-cse,Interaction,-0.01934184783037222,0.92
MatchBranchSimplification,machine-dce,Interaction,-0.01627255949595599,0.88
MatchBranchSimplification,machine-licm,Interaction,0.005862893493871762,0.56
MatchBranchSimplification,machine-sink,Interaction,0.03559992561492349,0.9
MatchBranchSimplification,memop-opt,Interaction,-0.000622217077017578,0.48
MatchBranchSimplification,mergeicmps,Interaction,0.0020105004298842074,0.74
MatchBranchSimplification,mr-partial-inlining,Interaction,-0.0046845776684775395,0.68
MatchBranchSimplification,nofree-inference,Interaction,0.003445001079180364,0.74
MatchBranchSimplification,non-allocatable-phys-copy-opt,Interaction,0.0018144067637226717,0.42
MatchBranchSimplification,nounwind-inference,Interaction,0.00486574167639803,0.72
MatchBranchSimplification,ondemand-mds-loading,Interaction,-0.006946190809349884,0.84
MatchBranchSimplification,partial-inlining,Interaction,0.0037337439775617064,0.74
MatchBranchSimplification,partial-libcall-inlining,Interaction,-0.012882991092026978,0.82
MatchBranchSimplification,peephole,Interaction,0.08523217505233044,0.72
MatchBranchSimplification,phi-elim-edge-splitting,Interaction,0.01433717599072491,0.6
MatchBranchSimplification,post-ra,Interaction,0.011492778513406958,0.88
MatchBranchSimplification,postra-machine-licm,Interaction,0.02557801506146713,0.76
MatchBranchSimplification,postra-machine-sink,Interaction,0.007418389514755672,0.68
MatchBranchSimplification,preheader-prot,Interaction,-0.009753008785620423,0.74
MatchBranchSimplification,preinline,Interaction,0.02115318924714874,0.88
MatchBranchSimplification,promote-alloca-to-vector,Interaction,-0.0038164219795191446,0.46
MatchBranchSimplification,ra-fsprofile-loader,Interaction,0.027105446268859003,0.86
MatchBranchSimplification,replace-with-vec-lib,Interaction,0.01988252912704999,0.76
MatchBranchSimplification,sample-loader-inlining,Interaction,0.015611001238477154,0.82
MatchBranchSimplification,select-optimize,Interaction,-0.004003843734975642,0.72
MatchBranchSimplification,separate-const-offset-from-gep,Interaction,0.009234266989520658,0.56
MatchBranchSimplification,spill-fusing,Interaction,-0.02995252674376017,0.98
MatchBranchSimplification,ssc,Interaction,-0.017620395352735085,0.94
MatchBranchSimplification,strictnode-mutation,Interaction,0.018955469322647644,0.64
MatchBranchSimplification,tail-calls,Interaction,0.014347843422950417,0.72
MatchBranchSimplification,thinlto-funcattrs,Interaction,-0.017099322480091356,0.98
MatchBranchSimplification,type-promotion,Interaction,-0.0194157004755366,0.92
MatchBranchSimplification,vector-combine,Interaction,0.045792769246079695,0.88
MatchBranchSimplification,vp,Interaction,0.014131954502813427,0.66
MatchBranchSimplification,whole-program-visibility,Interaction,-0.007730361136368349,0.68
ReferencePropagation,adv-copy-opt,Interaction,0.009904186728652302,0.8
ReferencePropagation,advanced-peeling,Interaction,0.0026683690466464995,0.5
ReferencePropagation,binop-extract-shuffle,Interaction,-0.010371757955721176,0.84
ReferencePropagation,branch-fold,Interaction,-0.006883262333663117,0.7
ReferencePropagation,cfi-fixup,Interaction,0.0037019159076686326,0.64
ReferencePropagation,cgdata-for-merging,Interaction,0.0026385052926192255,0.66
ReferencePropagation,cgp,Interaction,0.002173763859740325,0.6
ReferencePropagation,cgp-branch-opts,Interaction,-0.001732074963065148,0.42
ReferencePropagation,cgp-delete-phis,Interaction,0.01091321390195203,0.88
ReferencePropagation,cgp-ext-ld-promotion,Interaction,-0.011908002666457631,0.94
ReferencePropagation,cgp-select2branch,Interaction,-0.013947831555393784,0.84
ReferencePropagation,cgp-store-extract,Interaction,0.011409355323758232,0.72
ReferencePropagation,chr,Interaction,-0.0073336572984984034,0.8
ReferencePropagation,cleanups,Interaction,0.012932298735689724,0.82
ReferencePropagation,complex-addr-modes,Interaction,0.0017900981079508069,0.56
ReferencePropagation,constant-hoisting,Interaction,0.016233153525363326,0.98
ReferencePropagation,copyprop,Interaction,0.014695285506095522,0.88
ReferencePropagation,demotion,Interaction,0.025392082524863184,0.84
ReferencePropagation,early-ifcvt,Interaction,-0.001113373161492736,0.44
ReferencePropagation,early-taildup,Interaction,-0.00457810991078172,0.6
ReferencePropagation,expand-reductions,Interaction,-0.00693664536943668,0.76
ReferencePropagation,gep-const-evaluation,Interaction,0.005019280667652004,0.82
ReferencePropagation,global-outlining,Interaction,0.004016264860706244,0.6
ReferencePropagation,icp,Interaction,0.0036851272282677617,0.64
ReferencePropagation,ifcvt-diamond,Interaction,-0.003119520275578255,0.66
ReferencePropagation,ifcvt-forked-diamond,Interaction,-0.010569781363353237,0.84
ReferencePropagation,ifcvt-simple,Interaction,-0.005098153324273095,0.52
ReferencePropagation,ifcvt-simple-false,Interaction,-0.00617107060187032,0.82
ReferencePropagation,ifcvt-triangle,Interaction,-0.013383457245161465,0.9
ReferencePropagation,ifcvt-triangle-false,Interaction,-0.007583509227172494,0.78
ReferencePropagation,ifcvt-triangle-rev,Interaction,-0.00379556032409886,0.7
ReferencePropagation,interleaved-load-combine,Interaction,-0.005090404813330841,0.62
ReferencePropagation,last-run-tracking,Interaction,0.0023629922517806475,0.5
ReferencePropagation,layout-fsprofile-loader,Interaction,0.0030307945800069204,0.7
ReferencePropagation,lftr,Interaction,-0.007513340023811401,0.82
ReferencePropagation,licm-promotion,Interaction,0.004474064947144655,0.68
ReferencePropagation,loop-idiom-vectorize-all,Interaction,-0.00789706494994883,0.76
ReferencePropagation,loop-level-heuristics,Interaction,-0.013212895536456442,1.0
ReferencePropagation,machine-cse,Interaction,0.0016318904843680405,0.4
ReferencePropagation,machine-dce,Interaction,0.008464299801675741,0.84
ReferencePropagation,machine-sink,Interaction,0.0025159672481893784,0.54
ReferencePropagation,memop-opt,Interaction,0.022230949999885185,0.94
ReferencePropagation,mergeicmps,Interaction,0.0013299389666949402,0.44
ReferencePropagation,mr-partial-inlining,Interaction,-0.0032407399763097543,0.62
ReferencePropagation,nofree-inference,Interaction,0.006264877123431451,0.68
ReferencePropagation,non-allocatable-phys-copy-opt,Interaction,0.003125379694963879,0.68
ReferencePropagation,nounwind-inference,Interaction,0.012015951906559621,0.94
ReferencePropagation,partial-libcall-inlining,Interaction,-0.0027859413820240805,0.48
ReferencePropagation,post-ra,Interaction,-0.0017154279679163342,0.4
ReferencePropagation,preheader-prot,Interaction,0.0073992257016941,0.7
ReferencePropagation,preinline,Interaction,0.0028565470062432057,0.46
ReferencePropagation,promote-alloca-to-vector,Interaction,-0.029160373273774888,0.96
ReferencePropagation,ra-fsprofile-loader,Interaction,-0.0011688678534520656,0.42
ReferencePropagation,replace-with-vec-lib,Interaction,-0.017045608435383237,0.86
ReferencePropagation,separate-const-offset-from-gep,Interaction,0.012162240704534439,0.84
ReferencePropagation,spill-fusing,Interaction,-0.0008555651115913517,0.4
ReferencePropagation,ssc,Interaction,0.005870838859470323,0.72
ReferencePropagation,tail-calls,Interaction,-0.013560643457996163,0.92
ReferencePropagation,tail-duplicate,Interaction,-0.003206485424274584,0.46
ReferencePropagation,type-promotion,Interaction,0.001402088982014435,0.5
ReferencePropagation,vector-combine,Interaction,-0.00966245045774506,0.82
ScalarReplacementOfAggregates,2addr-hack,Interaction,0.0028704549414384174,0.46
ScalarReplacementOfAggregates,advanced-peeling,Interaction,-0.029852522654964027,0.96
ScalarReplacementOfAggregates,auto-upgrade-debug-info,Interaction,0.0021168110615257633,0.54
ScalarReplacementOfAggregates,binop-extract-shuffle,Interaction,-0.03244498399780396,0.96
ScalarReplacementOfAggregates,bitcode-version-upgrade,Interaction,0.008190205629640339,0.64
ScalarReplacementOfAggregates,block-placement,Interaction,-0.023374706622816457,0.94
ScalarReplacementOfAggregates,branch-fold,Interaction,-0.030486766289657134,0.92
ScalarReplacementOfAggregates,cfi-fixup,Interaction,0.006922181623899224,0.78
ScalarReplacementOfAggregates,cgdata-for-merging,Interaction,0.0072795654798687,0.78
ScalarReplacementOfAggregates,cgp-branch-opts,Interaction,-0.024580894228629795,0.98
ScalarReplacementOfAggregates,cgp-delete-phis,Interaction,0.003013095694313889,0.64
ScalarReplacementOfAggregates,cgp-select2branch,Interaction,-0.02938756503758976,0.96
ScalarReplacementOfAggregates,cgp-store-extract,Interaction,0.00260151187358719,0.6
ScalarReplacementOfAggregates,chr,Interaction,-0.017744526563121744,0.88
ScalarReplacementOfAggregates,cleanups,Interaction,0.004121993342707439,0.62
ScalarReplacementOfAggregates,constant-hoisting,Interaction,0.004090129641486464,0.76
ScalarReplacementOfAggregates,early-ifcvt,Interaction,-0.02480885129442064,0.96
ScalarReplacementOfAggregates,early-taildup,Interaction,-0.015451318483784842,0.94
ScalarReplacementOfAggregates,expand-reductions,Interaction,-0.02212348284872632,0.92
ScalarReplacementOfAggregates,global-outlining,Interaction,0.009491837010099613,0.82
ScalarReplacementOfAggregates,i2p-p2i-opt,Interaction,0.008461153199093852,0.74
ScalarReplacementOfAggregates,icp,Interaction,0.003613976375736217,0.58
ScalarReplacementOfAggregates,ifcvt-diamond,Interaction,-0.022134713703678494,0.84
ScalarReplacementOfAggregates,ifcvt-forked-diamond,Interaction,-0.027202965920072857,0.94
ScalarReplacementOfAggregates,ifcvt-simple,Interaction,0.0028750778766751866,0.6
ScalarReplacementOfAggregates,ifcvt-simple-false,Interaction,0.004088709725336098,0.76
ScalarReplacementOfAggregates,ifcvt-triangle,Interaction,0.006210938222215348,0.74
ScalarReplacementOfAggregates,interleaved-load-combine,Interaction,-0.02574750155083457,0.94
ScalarReplacementOfAggregates,last-run-tracking,Interaction,0.005654584738662347,0.88
ScalarReplacementOfAggregates,layout-fsprofile-loader,Interaction,0.003542607353593113,0.68
ScalarReplacementOfAggregates,lftr,Interaction,-0.02331497389643217,0.94
ScalarReplacementOfAggregates,licm-promotion,Interaction,-0.02417381440829877,0.96
ScalarReplacementOfAggregates,loop-idiom-vectorize-all,Interaction,-0.02780584466302167,0.94
ScalarReplacementOfAggregates,loop-idiom-vectorize-bytecmp,Interaction,-0.024826508666133566,0.96
ScalarReplacementOfAggregates,loop-level-heuristics,Interaction,-0.03607211405633411,0.96
ScalarReplacementOfAggregates,lsr,Interaction,-0.03619312590231537,0.96
ScalarReplacementOfAggregates,machine-cse,Interaction,0.0014569121522254817,0.44
ScalarReplacementOfAggregates,machine-licm,Interaction,-0.03481792634943471,0.94
ScalarReplacementOfAggregates,mergeicmps,Interaction,0.013352853151501635,0.82
ScalarReplacementOfAggregates,nofree-inference,Interaction,0.006747653408397154,0.76
ScalarReplacementOfAggregates,non-allocatable-phys-copy-opt,Interaction,0.002756860922034218,0.74
ScalarReplacementOfAggregates,nounwind-inference,Interaction,0.007973169950650075,0.8
ScalarReplacementOfAggregates,ondemand-mds-loading,Interaction,0.0037710479411446523,0.62
ScalarReplacementOfAggregates,partial-libcall-inlining,Interaction,-0.006875857165037269,0.76
ScalarReplacementOfAggregates,phi-elim-edge-splitting,Interaction,0.01095073444197744,0.8
ScalarReplacementOfAggregates,post-ra,Interaction,-0.004459118426910803,0.74
ScalarReplacementOfAggregates,postra-machine-licm,Interaction,-0.03190959717089745,0.94
ScalarReplacementOfAggregates,postra-machine-sink,Interaction,0.009105125822463042,0.9
ScalarReplacementOfAggregates,preheader-prot,Interaction,-0.03537145571411374,0.94
ScalarReplacementOfAggregates,preinline,Interaction,0.004747252559843892,0.8
ScalarReplacementOfAggregates,promote-alloca-to-vector,Interaction,-0.026821956398122192,0.9
ScalarReplacementOfAggregates,ra-fsprofile-loader,Interaction,0.0030816463760151456,0.6
ScalarReplacementOfAggregates,replace-with-vec-lib,Interaction,-0.02075011037982485,0.98
ScalarReplacementOfAggregates,sample-loader-inlining,Interaction,0.010067799249450232,0.88
ScalarReplacementOfAggregates,select-optimize,Interaction,0.0035654318365690714,0.66
ScalarReplacementOfAggregates,ssc,Interaction,0.001080890544630545,0.42
ScalarReplacementOfAggregates,strictnode-mutation,Interaction,-0.004377800201209279,0.64
ScalarReplacementOfAggregates,tail-calls,Interaction,0.002519203275410842,0.5
ScalarReplacementOfAggregates,tail-duplicate,Interaction,0.0019288012624113454,0.52
ScalarReplacementOfAggregates,thinlto-funcattrs,Interaction,0.02291436849769529,0.92
ScalarReplacementOfAggregates,type-promotion,Interaction,0.006415301096989746,0.72
ScalarReplacementOfAggregates,vector-combine,Interaction,-0.02565761013889399,0.98
ScalarReplacementOfAggregates,vp,Interaction,0.023645096073811166,0.98
ScalarReplacementOfAggregates,whole-program-visibility,Interaction,0.014299258884324628,0.9
SingleUseConsts,advanced-peeling,Interaction,0.010226838672208118,0.8
SingleUseConsts,binop-extract-shuffle,Interaction,0.01588967326292289,0.94
SingleUseConsts,bitcode-version-upgrade,Interaction,-0.001558422619586605,0.46
SingleUseConsts,block-placement,Interaction,0.0034389878087055037,0.6
SingleUseConsts,branch-fold,Interaction,0.0018154934026687291,0.48
SingleUseConsts,cgp,Interaction,-0.0017334593521042628,0.54
SingleUseConsts,cgp-branch-opts,Interaction,0.007553046815967361,0.82
SingleUseConsts,cgp-ext-ld-promotion,Interaction,0.004642146438093563,0.52
SingleUseConsts,complex-addr-modes,Interaction,-0.004434314459095791,0.78
SingleUseConsts,dfa-sched,Interaction,0.0005787959270183974,0.42
SingleUseConsts,expand-reductions,Interaction,0.020239752099045112,0.94
SingleUseConsts,gep-const-evaluation,Interaction,-0.0026850154011308055,0.64
SingleUseConsts,icp,Interaction,-0.0026545090460478264,0.66
SingleUseConsts,interleaved-load-combine,Interaction,0.015793958546956373,0.9
SingleUseConsts,lftr,Interaction,0.0010602192772636717,0.5
SingleUseConsts,licm-promotion,Interaction,0.003677177725354141,0.68
SingleUseConsts,loop-idiom-vectorize-all,Interaction,0.02372111245363676,0.98
SingleUseConsts,loop-idiom-vectorize-bytecmp,Interaction,0.01857982057936622,0.94
SingleUseConsts,loop-level-heuristics,Interaction,0.005396109652323038,0.82
SingleUseConsts,lsr,Interaction,0.004939983857822685,0.74
SingleUseConsts,machine-cse,Interaction,-0.0015942291991354546,0.44
SingleUseConsts,machine-licm,Interaction,0.015719937087261632,0.9
SingleUseConsts,machine-sink,Interaction,-0.0074532222760609465,0.82
SingleUseConsts,mergeicmps,Interaction,-0.001905739024064936,0.6
SingleUseConsts,nounwind-inference,Interaction,0.004158569822839245,0.78
SingleUseConsts,partial-libcall-inlining,Interaction,-0.0028048148671355987,0.44
SingleUseConsts,postra-machine-licm,Interaction,0.002475520549319285,0.6
SingleUseConsts,postra-machine-sink,Interaction,-0.002069093821071849,0.58
SingleUseConsts,promote-alloca-to-vector,Interaction,0.019380122988957672,1.0
SingleUseConsts,replace-with-vec-lib,Interaction,0.019495261304392573,0.98
SingleUseConsts,sample-loader-inlining,Interaction,-0.001800200622594108,0.6
SingleUseConsts,spill-fusing,Interaction,0.0027012660100597164,0.46
SingleUseConsts,vector-combine,Interaction,0.010120738892944767,0.88
UnreachableEnumBranching,adv-copy-opt,Interaction,-0.00150526135191895,0.58
UnreachableEnumBranching,branch-fold,Interaction,-0.0018364034874021233,0.48
UnreachableEnumBranching,cgp-branch-opts,Interaction,0.006807349518316249,0.58
UnreachableEnumBranching,cgp-select2branch,Interaction,-0.0021835882356373995,0.42
UnreachableEnumBranching,cleanups,Interaction,0.002516721276251127,0.48
UnreachableEnumBranching,constant-hoisting,Interaction,0.0023182778978532827,0.44
UnreachableEnumBranching,early-taildup,Interaction,0.0035570228439871423,0.68
UnreachableEnumBranching,i2p-p2i-opt,Interaction,0.014336909697864332,0.92
UnreachableEnumBranching,icp,Interaction,0.0020591930720715405,0.64
UnreachableEnumBranching,ifcvt-triangle-false,Interaction,-0.0028042295798739354,0.7
UnreachableEnumBranching,machine-cse,Interaction,0.0021768376288400395,0.44
UnreachableEnumBranching,mergeicmps,Interaction,-0.0020286596507197137,0.42
UnreachableEnumBranching,partial-libcall-inlining,Interaction,0.04721209643207813,0.94
UnreachableEnumBranching,peephole,Interaction,0.07201928461815672,0.94
UnreachableEnumBranching,post-ra,Interaction,0.05932812119543987,0.92
UnreachableEnumBranching,postra-machine-sink,Interaction,-0.0022687339716123507,0.62
UnreachableEnumBranching,promote-alloca-to-vector,Interaction,-0.0036963819321555575,0.6
UnreachableEnumBranching,ra-fsprofile-loader,Interaction,0.06480184848188004,0.82
UnreachableEnumBranching,sample-loader-inlining,Interaction,0.033467466448627324,0.72
UnreachableEnumBranching,spill-fusing,Interaction,0.07478244717444024,0.98
UnreachableEnumBranching,strictnode-mutation,Interaction,0.061108992553748624,0.96
UnreachablePropagation,adv-copy-opt,Interaction,-0.003741374429605076,0.74
UnreachablePropagation,advanced-peeling,Interaction,0.0037216679938389887,0.76
UnreachablePropagation,auto-upgrade-debug-info,Interaction,0.007441203807123125,0.84
UnreachablePropagation,binop-extract-shuffle,Interaction,0.010734959658423786,0.92
UnreachablePropagation,bitcode-version-upgrade,Interaction,0.012491718195464076,0.84
UnreachablePropagation,cfi-fixup,Interaction,0.0043917614444421065,0.66
UnreachablePropagation,cgdata-for-merging,Interaction,0.0057043025032846185,0.72
UnreachablePropagation,cgp-gc-opts,Interaction,0.0019813103423611113,0.48
UnreachablePropagation,cgp-select2branch,Interaction,-0.008450816368167063,0.8
UnreachablePropagation,cleanups,Interaction,-0.006887382850197675,0.9
UnreachablePropagation,constant-hoisting,Interaction,-0.00143155373226102,0.56
UnreachablePropagation,demotion,Interaction,-0.0035589256718354433,0.56
UnreachablePropagation,dfa-sched,Interaction,0.009785527739426148,0.72
UnreachablePropagation,early-ifcvt,Interaction,-0.004195107745096689,0.7
UnreachablePropagation,early-taildup,Interaction,-0.0023785210649113226,0.56
UnreachablePropagation,expand-reductions,Interaction,0.0017376344695517237,0.5
UnreachablePropagation,gep-const-evaluation,Interaction,-0.007217457465301709,0.82
UnreachablePropagation,global-outlining,Interaction,0.011139444025721838,0.84
UnreachablePropagation,i2p-p2i-opt,Interaction,0.00372994368682937,0.62
UnreachablePropagation,icp,Interaction,-0.0016256841524592378,0.46
UnreachablePropagation,ifcvt-diamond,Interaction,-0.002702858028946772,0.5
UnreachablePropagation,ifcvt-simple,Interaction,-0.0020022464443407526,0.62
UnreachablePropagation,ifcvt-simple-false,Interaction,-0.000895211074379516,0.44
UnreachablePropagation,ifcvt-triangle,Interaction,-0.004012909900470364,0.7
UnreachablePropagation,ifcvt-triangle-false,Interaction,-0.009863488123216912,0.92
UnreachablePropagation,ifcvt-triangle-rev,Interaction,-0.0009925733051446915,0.4
UnreachablePropagation,interleaved-load-combine,Interaction,0.006192036114944229,0.74
UnreachablePropagation,last-run-tracking,Interaction,0.005487510132007871,0.72
UnreachablePropagation,layout-fsprofile-loader,Interaction,0.009068083471026863,0.86
UnreachablePropagation,lftr,Interaction,0.0038802171511137695,0.7
UnreachablePropagation,loop-idiom-vectorize-all,Interaction,0.008203664189635031,0.86
UnreachablePropagation,loop-idiom-vectorize-bytecmp,Interaction,0.0072519579983855486,0.72
UnreachablePropagation,loop-level-heuristics,Interaction,0.0035991451533593528,0.68
UnreachablePropagation,lsr,Interaction,0.0033598629394694934,0.64
UnreachablePropagation,machine-sink,Interaction,-0.010575728977239376,0.84
UnreachablePropagation,memop-opt,Interaction,-0.0044852242491439,0.8
UnreachablePropagation,mergeicmps,Interaction,-0.0015922093164026348,0.44
UnreachablePropagation,mr-partial-inlining,Interaction,0.0035794427387240684,0.58
UnreachablePropagation,nounwind-inference,Interaction,0.043646543864422016,0.86
UnreachablePropagation,ondemand-mds-loading,Interaction,0.0027268866614563684,0.48
UnreachablePropagation,partial-inlining,Interaction,0.0064480693299597625,0.8
UnreachablePropagation,partial-libcall-inlining,Interaction,0.0033006035060355447,0.52
UnreachablePropagation,peephole,Interaction,0.0020998621386638717,0.54
UnreachablePropagation,post-ra,Interaction,0.0056353729681690575,0.76
UnreachablePropagation,postra-machine-sink,Interaction,0.007601167999630778,0.86
UnreachablePropagation,preinline,Interaction,0.008487228360149549,0.86
UnreachablePropagation,promote-alloca-to-vector,Interaction,0.007404715152163653,0.76
UnreachablePropagation,select-optimize,Interaction,0.007477543758403796,0.76
UnreachablePropagation,separate-const-offset-from-gep,Interaction,-0.007236395355955413,0.82
UnreachablePropagation,spill-fusing,Interaction,0.005362442800725109,0.74
UnreachablePropagation,ssc,Interaction,0.005641582651459721,0.52
UnreachablePropagation,strictnode-mutation,Interaction,0.004200392303899628,0.72
UnreachablePropagation,tail-calls,Interaction,-0.0052853993744319105,0.7
UnreachablePropagation,tail-duplicate,Interaction,-0.0021886854063532957,0.56
UnreachablePropagation,type-promotion,Interaction,0.011117688214939338,0.88
UnreachablePropagation,whole-program-visibility,Interaction,0.0048343144040420526,0.68
