ConfigName,MIR_Pass,LLVM_Pass
EXP_000_ALL_OFF,All,
EXP_001_DISABLE_ALL,,All
EXP_ABL_001_CopyProp,CopyProp,
EXP_ABL_001_disable-binop-extract-shuffle,,binop-extract-shuffle
EXP_ABL_002_DataflowConstProp,DataflowConstProp,
EXP_ABL_002_disable-expand-reductions,,expand-reductions
EXP_ABL_003_DeadStoreElimination-final,DeadStoreElimination-final,
EXP_ABL_003_disable-interleaved-load-combine,,interleaved-load-combine
EXP_ABL_004_DeadStoreElimination-initial,DeadStoreElimination-initial,
EXP_ABL_004_disable-loop-idiom-vectorize-all,,loop-idiom-vectorize-all
EXP_ABL_005_DestinationPropagation,DestinationPropagation,
EXP_ABL_005_disable-loop-idiom-vectorize-bytecmp,,loop-idiom-vectorize-bytecmp
EXP_ABL_006_EarlyOtherwiseBranch,EarlyOtherwiseBranch,
EXP_ABL_006_disable-promote-alloca-to-vector,,promote-alloca-to-vector
EXP_ABL_007_EnumSizeOpt,EnumSizeOpt,
EXP_ABL_007_disable-replace-with-vec-lib,,replace-with-vec-lib
EXP_ABL_008_ForceInline,ForceInline,
EXP_ABL_008_disable-vector-combine,,vector-combine
EXP_ABL_009_GVN,GVN,
EXP_ABL_009_disable-advanced-peeling,,advanced-peeling
EXP_ABL_010_ImpossiblePredicates,ImpossiblePredicates,
EXP_ABL_010_disable-lftr,,lftr
EXP_ABL_011_Inline,Inline,
EXP_ABL_011_disable-licm-promotion,,licm-promotion
EXP_ABL_012_InstSimplify-after-simplifycfg,InstSimplify-after-simplifycfg,
EXP_ABL_012_disable-loop-level-heuristics,,loop-level-heuristics
EXP_ABL_013_InstSimplify-before-inline,InstSimplify-before-inline,
EXP_ABL_013_disable-lsr,,lsr
EXP_ABL_014_JumpThreading,JumpThreading,
EXP_ABL_014_disable-machine-licm,,machine-licm
EXP_ABL_015_MatchBranchSimplification,MatchBranchSimplification,
EXP_ABL_015_disable-postra-machine-licm,,postra-machine-licm
EXP_ABL_016_ReferencePropagation,ReferencePropagation,
EXP_ABL_016_disable-preheader-prot,,preheader-prot
EXP_ABL_017_ScalarReplacementOfAggregates,ScalarReplacementOfAggregates,
EXP_ABL_017_disable-block-placement,,block-placement
EXP_ABL_018_SingleUseConsts,SingleUseConsts,
EXP_ABL_018_disable-branch-fold,,branch-fold
EXP_ABL_019_UnreachableEnumBranching,UnreachableEnumBranching,
EXP_ABL_019_disable-cgp-branch-opts,,cgp-branch-opts
EXP_ABL_020_UnreachablePropagation,UnreachablePropagation,
EXP_ABL_020_disable-cgp-select2branch,,cgp-select2branch
EXP_ABL_021_disable-chr,,chr
EXP_ABL_022_disable-early-ifcvt,,early-ifcvt
EXP_ABL_023_disable-early-taildup,,early-taildup
EXP_ABL_024_disable-ifcvt-diamond,,ifcvt-diamond
EXP_ABL_025_disable-ifcvt-forked-diamond,,ifcvt-forked-diamond
EXP_ABL_026_disable-ifcvt-simple,,ifcvt-simple
EXP_ABL_027_disable-ifcvt-simple-false,,ifcvt-simple-false
EXP_ABL_028_disable-ifcvt-triangle,,ifcvt-triangle
EXP_ABL_029_disable-ifcvt-triangle-false,,ifcvt-triangle-false
EXP_ABL_030_disable-ifcvt-triangle-rev,,ifcvt-triangle-rev
EXP_ABL_031_disable-tail-calls,,tail-calls
EXP_ABL_032_disable-tail-duplicate,,tail-duplicate
EXP_ABL_033_disable-cgp-ext-ld-promotion,,cgp-ext-ld-promotion
EXP_ABL_034_disable-cgp-store-extract,,cgp-store-extract
EXP_ABL_035_disable-memop-opt,,memop-opt
EXP_ABL_036_disable-separate-const-offset-from-gep,,separate-const-offset-from-gep
EXP_ABL_037_disable-adv-copy-opt,,adv-copy-opt
EXP_ABL_038_disable-cgp-delete-phis,,cgp-delete-phis
EXP_ABL_039_disable-cleanups,,cleanups
EXP_ABL_040_disable-constant-hoisting,,constant-hoisting
EXP_ABL_041_disable-copyprop,,copyprop
EXP_ABL_042_disable-demotion,,demotion
EXP_ABL_043_disable-gep-const-evaluation,,gep-const-evaluation
EXP_ABL_044_disable-icp,,icp
EXP_ABL_045_disable-machine-cse,,machine-cse
EXP_ABL_046_disable-machine-dce,,machine-dce
EXP_ABL_047_disable-machine-sink,,machine-sink
EXP_ABL_048_disable-mergeicmps,,mergeicmps
EXP_ABL_049_disable-non-allocatable-phys-copy-opt,,non-allocatable-phys-copy-opt
EXP_ABL_050_disable-phi-elim-edge-splitting,,phi-elim-edge-splitting
EXP_ABL_051_disable-postra-machine-sink,,postra-machine-sink
EXP_ABL_052_disable-preinline,,preinline
EXP_ABL_053_disable-select-optimize,,select-optimize
EXP_ABL_054_disable-ssc,,ssc
EXP_ABL_055_disable-type-promotion,,type-promotion
EXP_ABL_056_disable-auto-upgrade-debug-info,,auto-upgrade-debug-info
EXP_ABL_057_disable-bitcode-version-upgrade,,bitcode-version-upgrade
EXP_ABL_058_disable-cfi-fixup,,cfi-fixup
EXP_ABL_059_disable-cgdata-for-merging,,cgdata-for-merging
EXP_ABL_060_disable-global-outlining,,global-outlining
EXP_ABL_061_disable-last-run-tracking,,last-run-tracking
EXP_ABL_062_disable-layout-fsprofile-loader,,layout-fsprofile-loader
EXP_ABL_063_disable-nofree-inference,,nofree-inference
EXP_ABL_064_disable-nounwind-inference,,nounwind-inference
EXP_ABL_065_disable-ondemand-mds-loading,,ondemand-mds-loading
EXP_ABL_066_disable-ra-fsprofile-loader,,ra-fsprofile-loader
EXP_ABL_067_disable-sample-loader-inlining,,sample-loader-inlining
EXP_ABL_068_disable-thinlto-funcattrs,,thinlto-funcattrs
EXP_ABL_069_disable-vp,,vp
EXP_ABL_070_disable-whole-program-visibility,,whole-program-visibility
EXP_ABL_071_disable-2addr-hack,,2addr-hack
EXP_ABL_072_disable-cgp,,cgp
EXP_ABL_073_disable-cgp-gc-opts,,cgp-gc-opts
EXP_ABL_074_disable-complex-addr-modes,,complex-addr-modes
EXP_ABL_075_disable-dfa-sched,,dfa-sched
EXP_ABL_076_disable-i2p-p2i-opt,,i2p-p2i-opt
EXP_ABL_077_disable-mr-partial-inlining,,mr-partial-inlining
EXP_ABL_078_disable-partial-inlining,,partial-inlining
EXP_ABL_079_disable-partial-libcall-inlining,,partial-libcall-inlining
EXP_ABL_080_disable-peephole,,peephole
EXP_ABL_081_disable-post-ra,,post-ra
EXP_ABL_082_disable-spill-fusing,,spill-fusing
EXP_ABL_083_disable-strictnode-mutation,,strictnode-mutation
EXP_DBL_0001,CopyProp,binop-extract-shuffle
EXP_DBL_0002,CopyProp,expand-reductions
EXP_DBL_0003,CopyProp,interleaved-load-combine
EXP_DBL_0004,CopyProp,loop-idiom-vectorize-all
EXP_DBL_0005,CopyProp,loop-idiom-vectorize-bytecmp
EXP_DBL_0006,CopyProp,promote-alloca-to-vector
EXP_DBL_0007,CopyProp,replace-with-vec-lib
EXP_DBL_0008,CopyProp,vector-combine
EXP_DBL_0009,CopyProp,advanced-peeling
EXP_DBL_000_BASELINE,baseline,baseline
EXP_DBL_0010,CopyProp,lftr
EXP_DBL_0011,CopyProp,licm-promotion
EXP_DBL_0012,CopyProp,loop-level-heuristics
EXP_DBL_0013,CopyProp,lsr
EXP_DBL_0014,CopyProp,machine-licm
EXP_DBL_0015,CopyProp,postra-machine-licm
EXP_DBL_0016,CopyProp,preheader-prot
EXP_DBL_0017,CopyProp,block-placement
EXP_DBL_0018,CopyProp,branch-fold
EXP_DBL_0019,CopyProp,cgp-branch-opts
EXP_DBL_0020,CopyProp,cgp-select2branch
EXP_DBL_0021,CopyProp,chr
EXP_DBL_0022,CopyProp,early-ifcvt
EXP_DBL_0023,CopyProp,early-taildup
EXP_DBL_0024,CopyProp,ifcvt-diamond
EXP_DBL_0025,CopyProp,ifcvt-forked-diamond
EXP_DBL_0026,CopyProp,ifcvt-simple
EXP_DBL_0027,CopyProp,ifcvt-simple-false
EXP_DBL_0028,CopyProp,ifcvt-triangle
EXP_DBL_0029,CopyProp,ifcvt-triangle-false
EXP_DBL_0030,CopyProp,ifcvt-triangle-rev
EXP_DBL_0031,CopyProp,tail-calls
EXP_DBL_0032,CopyProp,tail-duplicate
EXP_DBL_0033,CopyProp,cgp-ext-ld-promotion
EXP_DBL_0034,CopyProp,cgp-store-extract
EXP_DBL_0035,CopyProp,memop-opt
EXP_DBL_0036,CopyProp,separate-const-offset-from-gep
EXP_DBL_0037,CopyProp,adv-copy-opt
EXP_DBL_0038,CopyProp,cgp-delete-phis
EXP_DBL_0039,CopyProp,cleanups
EXP_DBL_0040,CopyProp,constant-hoisting
EXP_DBL_0041,CopyProp,copyprop
EXP_DBL_0042,CopyProp,demotion
EXP_DBL_0043,CopyProp,gep-const-evaluation
EXP_DBL_0044,CopyProp,icp
EXP_DBL_0045,CopyProp,machine-cse
EXP_DBL_0046,CopyProp,machine-dce
EXP_DBL_0047,CopyProp,machine-sink
EXP_DBL_0048,CopyProp,mergeicmps
EXP_DBL_0049,CopyProp,non-allocatable-phys-copy-opt
EXP_DBL_0050,CopyProp,phi-elim-edge-splitting
EXP_DBL_0051,CopyProp,postra-machine-sink
EXP_DBL_0052,CopyProp,preinline
EXP_DBL_0053,CopyProp,select-optimize
EXP_DBL_0054,CopyProp,ssc
EXP_DBL_0055,CopyProp,type-promotion
EXP_DBL_0056,CopyProp,auto-upgrade-debug-info
EXP_DBL_0057,CopyProp,bitcode-version-upgrade
EXP_DBL_0058,CopyProp,cfi-fixup
EXP_DBL_0059,CopyProp,cgdata-for-merging
EXP_DBL_0060,CopyProp,global-outlining
EXP_DBL_0061,CopyProp,last-run-tracking
EXP_DBL_0062,CopyProp,layout-fsprofile-loader
EXP_DBL_0063,CopyProp,nofree-inference
EXP_DBL_0064,CopyProp,nounwind-inference
EXP_DBL_0065,CopyProp,ondemand-mds-loading
EXP_DBL_0066,CopyProp,ra-fsprofile-loader
EXP_DBL_0067,CopyProp,sample-loader-inlining
EXP_DBL_0068,CopyProp,thinlto-funcattrs
EXP_DBL_0069,CopyProp,vp
EXP_DBL_0070,CopyProp,whole-program-visibility
EXP_DBL_0071,CopyProp,2addr-hack
EXP_DBL_0072,CopyProp,cgp
EXP_DBL_0073,CopyProp,cgp-gc-opts
EXP_DBL_0074,CopyProp,complex-addr-modes
EXP_DBL_0075,CopyProp,dfa-sched
EXP_DBL_0076,CopyProp,i2p-p2i-opt
EXP_DBL_0077,CopyProp,mr-partial-inlining
EXP_DBL_0078,CopyProp,partial-inlining
EXP_DBL_0079,CopyProp,partial-libcall-inlining
EXP_DBL_0080,CopyProp,peephole
EXP_DBL_0081,CopyProp,post-ra
EXP_DBL_0082,CopyProp,spill-fusing
EXP_DBL_0083,CopyProp,strictnode-mutation
EXP_DBL_0084,DataflowConstProp,binop-extract-shuffle
EXP_DBL_0085,DataflowConstProp,expand-reductions
EXP_DBL_0086,DataflowConstProp,interleaved-load-combine
EXP_DBL_0087,DataflowConstProp,loop-idiom-vectorize-all
EXP_DBL_0088,DataflowConstProp,loop-idiom-vectorize-bytecmp
EXP_DBL_0089,DataflowConstProp,promote-alloca-to-vector
EXP_DBL_0090,DataflowConstProp,replace-with-vec-lib
EXP_DBL_0091,DataflowConstProp,vector-combine
EXP_DBL_0092,DataflowConstProp,advanced-peeling
EXP_DBL_0093,DataflowConstProp,lftr
EXP_DBL_0094,DataflowConstProp,licm-promotion
EXP_DBL_0095,DataflowConstProp,loop-level-heuristics
EXP_DBL_0096,DataflowConstProp,lsr
EXP_DBL_0097,DataflowConstProp,machine-licm
EXP_DBL_0098,DataflowConstProp,postra-machine-licm
EXP_DBL_0099,DataflowConstProp,preheader-prot
EXP_DBL_0100,DataflowConstProp,block-placement
EXP_DBL_0101,DataflowConstProp,branch-fold
EXP_DBL_0102,DataflowConstProp,cgp-branch-opts
EXP_DBL_0103,DataflowConstProp,cgp-select2branch
EXP_DBL_0104,DataflowConstProp,chr
EXP_DBL_0105,DataflowConstProp,early-ifcvt
EXP_DBL_0106,DataflowConstProp,early-taildup
EXP_DBL_0107,DataflowConstProp,ifcvt-diamond
EXP_DBL_0108,DataflowConstProp,ifcvt-forked-diamond
EXP_DBL_0109,DataflowConstProp,ifcvt-simple
EXP_DBL_0110,DataflowConstProp,ifcvt-simple-false
EXP_DBL_0111,DataflowConstProp,ifcvt-triangle
EXP_DBL_0112,DataflowConstProp,ifcvt-triangle-false
EXP_DBL_0113,DataflowConstProp,ifcvt-triangle-rev
EXP_DBL_0114,DataflowConstProp,tail-calls
EXP_DBL_0115,DataflowConstProp,tail-duplicate
EXP_DBL_0116,DataflowConstProp,cgp-ext-ld-promotion
EXP_DBL_0117,DataflowConstProp,cgp-store-extract
EXP_DBL_0118,DataflowConstProp,memop-opt
EXP_DBL_0119,DataflowConstProp,separate-const-offset-from-gep
EXP_DBL_0120,DataflowConstProp,adv-copy-opt
EXP_DBL_0121,DataflowConstProp,cgp-delete-phis
EXP_DBL_0122,DataflowConstProp,cleanups
EXP_DBL_0123,DataflowConstProp,constant-hoisting
EXP_DBL_0124,DataflowConstProp,copyprop
EXP_DBL_0125,DataflowConstProp,demotion
EXP_DBL_0126,DataflowConstProp,gep-const-evaluation
EXP_DBL_0127,DataflowConstProp,icp
EXP_DBL_0128,DataflowConstProp,machine-cse
EXP_DBL_0129,DataflowConstProp,machine-dce
EXP_DBL_0130,DataflowConstProp,machine-sink
EXP_DBL_0131,DataflowConstProp,mergeicmps
EXP_DBL_0132,DataflowConstProp,non-allocatable-phys-copy-opt
EXP_DBL_0133,DataflowConstProp,phi-elim-edge-splitting
EXP_DBL_0134,DataflowConstProp,postra-machine-sink
EXP_DBL_0135,DataflowConstProp,preinline
EXP_DBL_0136,DataflowConstProp,select-optimize
EXP_DBL_0137,DataflowConstProp,ssc
EXP_DBL_0138,DataflowConstProp,type-promotion
EXP_DBL_0139,DataflowConstProp,auto-upgrade-debug-info
EXP_DBL_0140,DataflowConstProp,bitcode-version-upgrade
EXP_DBL_0141,DataflowConstProp,cfi-fixup
EXP_DBL_0142,DataflowConstProp,cgdata-for-merging
EXP_DBL_0143,DataflowConstProp,global-outlining
EXP_DBL_0144,DataflowConstProp,last-run-tracking
EXP_DBL_0145,DataflowConstProp,layout-fsprofile-loader
EXP_DBL_0146,DataflowConstProp,nofree-inference
EXP_DBL_0147,DataflowConstProp,nounwind-inference
EXP_DBL_0148,DataflowConstProp,ondemand-mds-loading
EXP_DBL_0149,DataflowConstProp,ra-fsprofile-loader
EXP_DBL_0150,DataflowConstProp,sample-loader-inlining
EXP_DBL_0151,DataflowConstProp,thinlto-funcattrs
EXP_DBL_0152,DataflowConstProp,vp
EXP_DBL_0153,DataflowConstProp,whole-program-visibility
EXP_DBL_0154,DataflowConstProp,2addr-hack
EXP_DBL_0155,DataflowConstProp,cgp
EXP_DBL_0156,DataflowConstProp,cgp-gc-opts
EXP_DBL_0157,DataflowConstProp,complex-addr-modes
EXP_DBL_0158,DataflowConstProp,dfa-sched
EXP_DBL_0159,DataflowConstProp,i2p-p2i-opt
EXP_DBL_0160,DataflowConstProp,mr-partial-inlining
EXP_DBL_0161,DataflowConstProp,partial-inlining
EXP_DBL_0162,DataflowConstProp,partial-libcall-inlining
EXP_DBL_0163,DataflowConstProp,peephole
EXP_DBL_0164,DataflowConstProp,post-ra
EXP_DBL_0165,DataflowConstProp,spill-fusing
EXP_DBL_0166,DataflowConstProp,strictnode-mutation
EXP_DBL_0167,DeadStoreElimination-final,binop-extract-shuffle
EXP_DBL_0168,DeadStoreElimination-final,expand-reductions
EXP_DBL_0169,DeadStoreElimination-final,interleaved-load-combine
EXP_DBL_0170,DeadStoreElimination-final,loop-idiom-vectorize-all
EXP_DBL_0171,DeadStoreElimination-final,loop-idiom-vectorize-bytecmp
EXP_DBL_0172,DeadStoreElimination-final,promote-alloca-to-vector
EXP_DBL_0173,DeadStoreElimination-final,replace-with-vec-lib
EXP_DBL_0174,DeadStoreElimination-final,vector-combine
EXP_DBL_0175,DeadStoreElimination-final,advanced-peeling
EXP_DBL_0176,DeadStoreElimination-final,lftr
EXP_DBL_0177,DeadStoreElimination-final,licm-promotion
EXP_DBL_0178,DeadStoreElimination-final,loop-level-heuristics
EXP_DBL_0179,DeadStoreElimination-final,lsr
EXP_DBL_0180,DeadStoreElimination-final,machine-licm
EXP_DBL_0181,DeadStoreElimination-final,postra-machine-licm
EXP_DBL_0182,DeadStoreElimination-final,preheader-prot
EXP_DBL_0183,DeadStoreElimination-final,block-placement
EXP_DBL_0184,DeadStoreElimination-final,branch-fold
EXP_DBL_0185,DeadStoreElimination-final,cgp-branch-opts
EXP_DBL_0186,DeadStoreElimination-final,cgp-select2branch
EXP_DBL_0187,DeadStoreElimination-final,chr
EXP_DBL_0188,DeadStoreElimination-final,early-ifcvt
EXP_DBL_0189,DeadStoreElimination-final,early-taildup
EXP_DBL_0190,DeadStoreElimination-final,ifcvt-diamond
EXP_DBL_0191,DeadStoreElimination-final,ifcvt-forked-diamond
EXP_DBL_0192,DeadStoreElimination-final,ifcvt-simple
EXP_DBL_0193,DeadStoreElimination-final,ifcvt-simple-false
EXP_DBL_0194,DeadStoreElimination-final,ifcvt-triangle
EXP_DBL_0195,DeadStoreElimination-final,ifcvt-triangle-false
EXP_DBL_0196,DeadStoreElimination-final,ifcvt-triangle-rev
EXP_DBL_0197,DeadStoreElimination-final,tail-calls
EXP_DBL_0198,DeadStoreElimination-final,tail-duplicate
EXP_DBL_0199,DeadStoreElimination-final,cgp-ext-ld-promotion
EXP_DBL_0200,DeadStoreElimination-final,cgp-store-extract
EXP_DBL_0201,DeadStoreElimination-final,memop-opt
EXP_DBL_0202,DeadStoreElimination-final,separate-const-offset-from-gep
EXP_DBL_0203,DeadStoreElimination-final,adv-copy-opt
EXP_DBL_0204,DeadStoreElimination-final,cgp-delete-phis
EXP_DBL_0205,DeadStoreElimination-final,cleanups
EXP_DBL_0206,DeadStoreElimination-final,constant-hoisting
EXP_DBL_0207,DeadStoreElimination-final,copyprop
EXP_DBL_0208,DeadStoreElimination-final,demotion
EXP_DBL_0209,DeadStoreElimination-final,gep-const-evaluation
EXP_DBL_0210,DeadStoreElimination-final,icp
EXP_DBL_0211,DeadStoreElimination-final,machine-cse
EXP_DBL_0212,DeadStoreElimination-final,machine-dce
EXP_DBL_0213,DeadStoreElimination-final,machine-sink
EXP_DBL_0214,DeadStoreElimination-final,mergeicmps
EXP_DBL_0215,DeadStoreElimination-final,non-allocatable-phys-copy-opt
EXP_DBL_0216,DeadStoreElimination-final,phi-elim-edge-splitting
EXP_DBL_0217,DeadStoreElimination-final,postra-machine-sink
EXP_DBL_0218,DeadStoreElimination-final,preinline
EXP_DBL_0219,DeadStoreElimination-final,select-optimize
EXP_DBL_0220,DeadStoreElimination-final,ssc
EXP_DBL_0221,DeadStoreElimination-final,type-promotion
EXP_DBL_0222,DeadStoreElimination-final,auto-upgrade-debug-info
EXP_DBL_0223,DeadStoreElimination-final,bitcode-version-upgrade
EXP_DBL_0224,DeadStoreElimination-final,cfi-fixup
EXP_DBL_0225,DeadStoreElimination-final,cgdata-for-merging
EXP_DBL_0226,DeadStoreElimination-final,global-outlining
EXP_DBL_0227,DeadStoreElimination-final,last-run-tracking
EXP_DBL_0228,DeadStoreElimination-final,layout-fsprofile-loader
EXP_DBL_0229,DeadStoreElimination-final,nofree-inference
EXP_DBL_0230,DeadStoreElimination-final,nounwind-inference
EXP_DBL_0231,DeadStoreElimination-final,ondemand-mds-loading
EXP_DBL_0232,DeadStoreElimination-final,ra-fsprofile-loader
EXP_DBL_0233,DeadStoreElimination-final,sample-loader-inlining
EXP_DBL_0234,DeadStoreElimination-final,thinlto-funcattrs
EXP_DBL_0235,DeadStoreElimination-final,vp
EXP_DBL_0236,DeadStoreElimination-final,whole-program-visibility
EXP_DBL_0237,DeadStoreElimination-final,2addr-hack
EXP_DBL_0238,DeadStoreElimination-final,cgp
EXP_DBL_0239,DeadStoreElimination-final,cgp-gc-opts
EXP_DBL_0240,DeadStoreElimination-final,complex-addr-modes
EXP_DBL_0241,DeadStoreElimination-final,dfa-sched
EXP_DBL_0242,DeadStoreElimination-final,i2p-p2i-opt
EXP_DBL_0243,DeadStoreElimination-final,mr-partial-inlining
EXP_DBL_0244,DeadStoreElimination-final,partial-inlining
EXP_DBL_0245,DeadStoreElimination-final,partial-libcall-inlining
EXP_DBL_0246,DeadStoreElimination-final,peephole
EXP_DBL_0247,DeadStoreElimination-final,post-ra
EXP_DBL_0248,DeadStoreElimination-final,spill-fusing
EXP_DBL_0249,DeadStoreElimination-final,strictnode-mutation
EXP_DBL_0250,DeadStoreElimination-initial,binop-extract-shuffle
EXP_DBL_0251,DeadStoreElimination-initial,expand-reductions
EXP_DBL_0252,DeadStoreElimination-initial,interleaved-load-combine
EXP_DBL_0253,DeadStoreElimination-initial,loop-idiom-vectorize-all
EXP_DBL_0254,DeadStoreElimination-initial,loop-idiom-vectorize-bytecmp
EXP_DBL_0255,DeadStoreElimination-initial,promote-alloca-to-vector
EXP_DBL_0256,DeadStoreElimination-initial,replace-with-vec-lib
EXP_DBL_0257,DeadStoreElimination-initial,vector-combine
EXP_DBL_0258,DeadStoreElimination-initial,advanced-peeling
EXP_DBL_0259,DeadStoreElimination-initial,lftr
EXP_DBL_0260,DeadStoreElimination-initial,licm-promotion
EXP_DBL_0261,DeadStoreElimination-initial,loop-level-heuristics
EXP_DBL_0262,DeadStoreElimination-initial,lsr
EXP_DBL_0263,DeadStoreElimination-initial,machine-licm
EXP_DBL_0264,DeadStoreElimination-initial,postra-machine-licm
EXP_DBL_0265,DeadStoreElimination-initial,preheader-prot
EXP_DBL_0266,DeadStoreElimination-initial,block-placement
EXP_DBL_0267,DeadStoreElimination-initial,branch-fold
EXP_DBL_0268,DeadStoreElimination-initial,cgp-branch-opts
EXP_DBL_0269,DeadStoreElimination-initial,cgp-select2branch
EXP_DBL_0270,DeadStoreElimination-initial,chr
EXP_DBL_0271,DeadStoreElimination-initial,early-ifcvt
EXP_DBL_0272,DeadStoreElimination-initial,early-taildup
EXP_DBL_0273,DeadStoreElimination-initial,ifcvt-diamond
EXP_DBL_0274,DeadStoreElimination-initial,ifcvt-forked-diamond
EXP_DBL_0275,DeadStoreElimination-initial,ifcvt-simple
EXP_DBL_0276,DeadStoreElimination-initial,ifcvt-simple-false
EXP_DBL_0277,DeadStoreElimination-initial,ifcvt-triangle
EXP_DBL_0278,DeadStoreElimination-initial,ifcvt-triangle-false
EXP_DBL_0279,DeadStoreElimination-initial,ifcvt-triangle-rev
EXP_DBL_0280,DeadStoreElimination-initial,tail-calls
EXP_DBL_0281,DeadStoreElimination-initial,tail-duplicate
EXP_DBL_0282,DeadStoreElimination-initial,cgp-ext-ld-promotion
EXP_DBL_0283,DeadStoreElimination-initial,cgp-store-extract
EXP_DBL_0284,DeadStoreElimination-initial,memop-opt
EXP_DBL_0285,DeadStoreElimination-initial,separate-const-offset-from-gep
EXP_DBL_0286,DeadStoreElimination-initial,adv-copy-opt
EXP_DBL_0287,DeadStoreElimination-initial,cgp-delete-phis
EXP_DBL_0288,DeadStoreElimination-initial,cleanups
EXP_DBL_0289,DeadStoreElimination-initial,constant-hoisting
EXP_DBL_0290,DeadStoreElimination-initial,copyprop
EXP_DBL_0291,DeadStoreElimination-initial,demotion
EXP_DBL_0292,DeadStoreElimination-initial,gep-const-evaluation
EXP_DBL_0293,DeadStoreElimination-initial,icp
EXP_DBL_0294,DeadStoreElimination-initial,machine-cse
EXP_DBL_0295,DeadStoreElimination-initial,machine-dce
EXP_DBL_0296,DeadStoreElimination-initial,machine-sink
EXP_DBL_0297,DeadStoreElimination-initial,mergeicmps
EXP_DBL_0298,DeadStoreElimination-initial,non-allocatable-phys-copy-opt
EXP_DBL_0299,DeadStoreElimination-initial,phi-elim-edge-splitting
EXP_DBL_0300,DeadStoreElimination-initial,postra-machine-sink
EXP_DBL_0301,DeadStoreElimination-initial,preinline
EXP_DBL_0302,DeadStoreElimination-initial,select-optimize
EXP_DBL_0303,DeadStoreElimination-initial,ssc
EXP_DBL_0304,DeadStoreElimination-initial,type-promotion
EXP_DBL_0305,DeadStoreElimination-initial,auto-upgrade-debug-info
EXP_DBL_0306,DeadStoreElimination-initial,bitcode-version-upgrade
EXP_DBL_0307,DeadStoreElimination-initial,cfi-fixup
EXP_DBL_0308,DeadStoreElimination-initial,cgdata-for-merging
EXP_DBL_0309,DeadStoreElimination-initial,global-outlining
EXP_DBL_0310,DeadStoreElimination-initial,last-run-tracking
EXP_DBL_0311,DeadStoreElimination-initial,layout-fsprofile-loader
EXP_DBL_0312,DeadStoreElimination-initial,nofree-inference
EXP_DBL_0313,DeadStoreElimination-initial,nounwind-inference
EXP_DBL_0314,DeadStoreElimination-initial,ondemand-mds-loading
EXP_DBL_0315,DeadStoreElimination-initial,ra-fsprofile-loader
EXP_DBL_0316,DeadStoreElimination-initial,sample-loader-inlining
EXP_DBL_0317,DeadStoreElimination-initial,thinlto-funcattrs
EXP_DBL_0318,DeadStoreElimination-initial,vp
EXP_DBL_0319,DeadStoreElimination-initial,whole-program-visibility
EXP_DBL_0320,DeadStoreElimination-initial,2addr-hack
EXP_DBL_0321,DeadStoreElimination-initial,cgp
EXP_DBL_0322,DeadStoreElimination-initial,cgp-gc-opts
EXP_DBL_0323,DeadStoreElimination-initial,complex-addr-modes
EXP_DBL_0324,DeadStoreElimination-initial,dfa-sched
EXP_DBL_0325,DeadStoreElimination-initial,i2p-p2i-opt
EXP_DBL_0326,DeadStoreElimination-initial,mr-partial-inlining
EXP_DBL_0327,DeadStoreElimination-initial,partial-inlining
EXP_DBL_0328,DeadStoreElimination-initial,partial-libcall-inlining
EXP_DBL_0329,DeadStoreElimination-initial,peephole
EXP_DBL_0330,DeadStoreElimination-initial,post-ra
EXP_DBL_0331,DeadStoreElimination-initial,spill-fusing
EXP_DBL_0332,DeadStoreElimination-initial,strictnode-mutation
EXP_DBL_0333,DestinationPropagation,binop-extract-shuffle
EXP_DBL_0334,DestinationPropagation,expand-reductions
EXP_DBL_0335,DestinationPropagation,interleaved-load-combine
EXP_DBL_0336,DestinationPropagation,loop-idiom-vectorize-all
EXP_DBL_0337,DestinationPropagation,loop-idiom-vectorize-bytecmp
EXP_DBL_0338,DestinationPropagation,promote-alloca-to-vector
EXP_DBL_0339,DestinationPropagation,replace-with-vec-lib
EXP_DBL_0340,DestinationPropagation,vector-combine
EXP_DBL_0341,DestinationPropagation,advanced-peeling
EXP_DBL_0342,DestinationPropagation,lftr
EXP_DBL_0343,DestinationPropagation,licm-promotion
EXP_DBL_0344,DestinationPropagation,loop-level-heuristics
EXP_DBL_0345,DestinationPropagation,lsr
EXP_DBL_0346,DestinationPropagation,machine-licm
EXP_DBL_0347,DestinationPropagation,postra-machine-licm
EXP_DBL_0348,DestinationPropagation,preheader-prot
EXP_DBL_0349,DestinationPropagation,block-placement
EXP_DBL_0350,DestinationPropagation,branch-fold
EXP_DBL_0351,DestinationPropagation,cgp-branch-opts
EXP_DBL_0352,DestinationPropagation,cgp-select2branch
EXP_DBL_0353,DestinationPropagation,chr
EXP_DBL_0354,DestinationPropagation,early-ifcvt
EXP_DBL_0355,DestinationPropagation,early-taildup
EXP_DBL_0356,DestinationPropagation,ifcvt-diamond
EXP_DBL_0357,DestinationPropagation,ifcvt-forked-diamond
EXP_DBL_0358,DestinationPropagation,ifcvt-simple
EXP_DBL_0359,DestinationPropagation,ifcvt-simple-false
EXP_DBL_0360,DestinationPropagation,ifcvt-triangle
EXP_DBL_0361,DestinationPropagation,ifcvt-triangle-false
EXP_DBL_0362,DestinationPropagation,ifcvt-triangle-rev
EXP_DBL_0363,DestinationPropagation,tail-calls
EXP_DBL_0364,DestinationPropagation,tail-duplicate
EXP_DBL_0365,DestinationPropagation,cgp-ext-ld-promotion
EXP_DBL_0366,DestinationPropagation,cgp-store-extract
EXP_DBL_0367,DestinationPropagation,memop-opt
EXP_DBL_0368,DestinationPropagation,separate-const-offset-from-gep
EXP_DBL_0369,DestinationPropagation,adv-copy-opt
EXP_DBL_0370,DestinationPropagation,cgp-delete-phis
EXP_DBL_0371,DestinationPropagation,cleanups
EXP_DBL_0372,DestinationPropagation,constant-hoisting
EXP_DBL_0373,DestinationPropagation,copyprop
EXP_DBL_0374,DestinationPropagation,demotion
EXP_DBL_0375,DestinationPropagation,gep-const-evaluation
EXP_DBL_0376,DestinationPropagation,icp
EXP_DBL_0377,DestinationPropagation,machine-cse
EXP_DBL_0378,DestinationPropagation,machine-dce
EXP_DBL_0379,DestinationPropagation,machine-sink
EXP_DBL_0380,DestinationPropagation,mergeicmps
EXP_DBL_0381,DestinationPropagation,non-allocatable-phys-copy-opt
EXP_DBL_0382,DestinationPropagation,phi-elim-edge-splitting
EXP_DBL_0383,DestinationPropagation,postra-machine-sink
EXP_DBL_0384,DestinationPropagation,preinline
EXP_DBL_0385,DestinationPropagation,select-optimize
EXP_DBL_0386,DestinationPropagation,ssc
EXP_DBL_0387,DestinationPropagation,type-promotion
EXP_DBL_0388,DestinationPropagation,auto-upgrade-debug-info
EXP_DBL_0389,DestinationPropagation,bitcode-version-upgrade
EXP_DBL_0390,DestinationPropagation,cfi-fixup
EXP_DBL_0391,DestinationPropagation,cgdata-for-merging
EXP_DBL_0392,DestinationPropagation,global-outlining
EXP_DBL_0393,DestinationPropagation,last-run-tracking
EXP_DBL_0394,DestinationPropagation,layout-fsprofile-loader
EXP_DBL_0395,DestinationPropagation,nofree-inference
EXP_DBL_0396,DestinationPropagation,nounwind-inference
EXP_DBL_0397,DestinationPropagation,ondemand-mds-loading
EXP_DBL_0398,DestinationPropagation,ra-fsprofile-loader
EXP_DBL_0399,DestinationPropagation,sample-loader-inlining
EXP_DBL_0400,DestinationPropagation,thinlto-funcattrs
EXP_DBL_0401,DestinationPropagation,vp
EXP_DBL_0402,DestinationPropagation,whole-program-visibility
EXP_DBL_0403,DestinationPropagation,2addr-hack
EXP_DBL_0404,DestinationPropagation,cgp
EXP_DBL_0405,DestinationPropagation,cgp-gc-opts
EXP_DBL_0406,DestinationPropagation,complex-addr-modes
EXP_DBL_0407,DestinationPropagation,dfa-sched
EXP_DBL_0408,DestinationPropagation,i2p-p2i-opt
EXP_DBL_0409,DestinationPropagation,mr-partial-inlining
EXP_DBL_0410,DestinationPropagation,partial-inlining
EXP_DBL_0411,DestinationPropagation,partial-libcall-inlining
EXP_DBL_0412,DestinationPropagation,peephole
EXP_DBL_0413,DestinationPropagation,post-ra
EXP_DBL_0414,DestinationPropagation,spill-fusing
EXP_DBL_0415,DestinationPropagation,strictnode-mutation
EXP_DBL_0416,EarlyOtherwiseBranch,binop-extract-shuffle
EXP_DBL_0417,EarlyOtherwiseBranch,expand-reductions
EXP_DBL_0418,EarlyOtherwiseBranch,interleaved-load-combine
EXP_DBL_0419,EarlyOtherwiseBranch,loop-idiom-vectorize-all
EXP_DBL_0420,EarlyOtherwiseBranch,loop-idiom-vectorize-bytecmp
EXP_DBL_0421,EarlyOtherwiseBranch,promote-alloca-to-vector
EXP_DBL_0422,EarlyOtherwiseBranch,replace-with-vec-lib
EXP_DBL_0423,EarlyOtherwiseBranch,vector-combine
EXP_DBL_0424,EarlyOtherwiseBranch,advanced-peeling
EXP_DBL_0425,EarlyOtherwiseBranch,lftr
EXP_DBL_0426,EarlyOtherwiseBranch,licm-promotion
EXP_DBL_0427,EarlyOtherwiseBranch,loop-level-heuristics
EXP_DBL_0428,EarlyOtherwiseBranch,lsr
EXP_DBL_0429,EarlyOtherwiseBranch,machine-licm
EXP_DBL_0430,EarlyOtherwiseBranch,postra-machine-licm
EXP_DBL_0431,EarlyOtherwiseBranch,preheader-prot
EXP_DBL_0432,EarlyOtherwiseBranch,block-placement
EXP_DBL_0433,EarlyOtherwiseBranch,branch-fold
EXP_DBL_0434,EarlyOtherwiseBranch,cgp-branch-opts
EXP_DBL_0435,EarlyOtherwiseBranch,cgp-select2branch
EXP_DBL_0436,EarlyOtherwiseBranch,chr
EXP_DBL_0437,EarlyOtherwiseBranch,early-ifcvt
EXP_DBL_0438,EarlyOtherwiseBranch,early-taildup
EXP_DBL_0439,EarlyOtherwiseBranch,ifcvt-diamond
EXP_DBL_0440,EarlyOtherwiseBranch,ifcvt-forked-diamond
EXP_DBL_0441,EarlyOtherwiseBranch,ifcvt-simple
EXP_DBL_0442,EarlyOtherwiseBranch,ifcvt-simple-false
EXP_DBL_0443,EarlyOtherwiseBranch,ifcvt-triangle
EXP_DBL_0444,EarlyOtherwiseBranch,ifcvt-triangle-false
EXP_DBL_0445,EarlyOtherwiseBranch,ifcvt-triangle-rev
EXP_DBL_0446,EarlyOtherwiseBranch,tail-calls
EXP_DBL_0447,EarlyOtherwiseBranch,tail-duplicate
EXP_DBL_0448,EarlyOtherwiseBranch,cgp-ext-ld-promotion
EXP_DBL_0449,EarlyOtherwiseBranch,cgp-store-extract
EXP_DBL_0450,EarlyOtherwiseBranch,memop-opt
EXP_DBL_0451,EarlyOtherwiseBranch,separate-const-offset-from-gep
EXP_DBL_0452,EarlyOtherwiseBranch,adv-copy-opt
EXP_DBL_0453,EarlyOtherwiseBranch,cgp-delete-phis
EXP_DBL_0454,EarlyOtherwiseBranch,cleanups
EXP_DBL_0455,EarlyOtherwiseBranch,constant-hoisting
EXP_DBL_0456,EarlyOtherwiseBranch,copyprop
EXP_DBL_0457,EarlyOtherwiseBranch,demotion
EXP_DBL_0458,EarlyOtherwiseBranch,gep-const-evaluation
EXP_DBL_0459,EarlyOtherwiseBranch,icp
EXP_DBL_0460,EarlyOtherwiseBranch,machine-cse
EXP_DBL_0461,EarlyOtherwiseBranch,machine-dce
EXP_DBL_0462,EarlyOtherwiseBranch,machine-sink
EXP_DBL_0463,EarlyOtherwiseBranch,mergeicmps
EXP_DBL_0464,EarlyOtherwiseBranch,non-allocatable-phys-copy-opt
EXP_DBL_0465,EarlyOtherwiseBranch,phi-elim-edge-splitting
EXP_DBL_0466,EarlyOtherwiseBranch,postra-machine-sink
EXP_DBL_0467,EarlyOtherwiseBranch,preinline
EXP_DBL_0468,EarlyOtherwiseBranch,select-optimize
EXP_DBL_0469,EarlyOtherwiseBranch,ssc
EXP_DBL_0470,EarlyOtherwiseBranch,type-promotion
EXP_DBL_0471,EarlyOtherwiseBranch,auto-upgrade-debug-info
EXP_DBL_0472,EarlyOtherwiseBranch,bitcode-version-upgrade
EXP_DBL_0473,EarlyOtherwiseBranch,cfi-fixup
EXP_DBL_0474,EarlyOtherwiseBranch,cgdata-for-merging
EXP_DBL_0475,EarlyOtherwiseBranch,global-outlining
EXP_DBL_0476,EarlyOtherwiseBranch,last-run-tracking
EXP_DBL_0477,EarlyOtherwiseBranch,layout-fsprofile-loader
EXP_DBL_0478,EarlyOtherwiseBranch,nofree-inference
EXP_DBL_0479,EarlyOtherwiseBranch,nounwind-inference
EXP_DBL_0480,EarlyOtherwiseBranch,ondemand-mds-loading
EXP_DBL_0481,EarlyOtherwiseBranch,ra-fsprofile-loader
EXP_DBL_0482,EarlyOtherwiseBranch,sample-loader-inlining
EXP_DBL_0483,EarlyOtherwiseBranch,thinlto-funcattrs
EXP_DBL_0484,EarlyOtherwiseBranch,vp
EXP_DBL_0485,EarlyOtherwiseBranch,whole-program-visibility
EXP_DBL_0486,EarlyOtherwiseBranch,2addr-hack
EXP_DBL_0487,EarlyOtherwiseBranch,cgp
EXP_DBL_0488,EarlyOtherwiseBranch,cgp-gc-opts
EXP_DBL_0489,EarlyOtherwiseBranch,complex-addr-modes
EXP_DBL_0490,EarlyOtherwiseBranch,dfa-sched
EXP_DBL_0491,EarlyOtherwiseBranch,i2p-p2i-opt
EXP_DBL_0492,EarlyOtherwiseBranch,mr-partial-inlining
EXP_DBL_0493,EarlyOtherwiseBranch,partial-inlining
EXP_DBL_0494,EarlyOtherwiseBranch,partial-libcall-inlining
EXP_DBL_0495,EarlyOtherwiseBranch,peephole
EXP_DBL_0496,EarlyOtherwiseBranch,post-ra
EXP_DBL_0497,EarlyOtherwiseBranch,spill-fusing
EXP_DBL_0498,EarlyOtherwiseBranch,strictnode-mutation
EXP_DBL_0499,EnumSizeOpt,binop-extract-shuffle
EXP_DBL_0500,EnumSizeOpt,expand-reductions
EXP_DBL_0501,EnumSizeOpt,interleaved-load-combine
EXP_DBL_0502,EnumSizeOpt,loop-idiom-vectorize-all
EXP_DBL_0503,EnumSizeOpt,loop-idiom-vectorize-bytecmp
EXP_DBL_0504,EnumSizeOpt,promote-alloca-to-vector
EXP_DBL_0505,EnumSizeOpt,replace-with-vec-lib
EXP_DBL_0506,EnumSizeOpt,vector-combine
EXP_DBL_0507,EnumSizeOpt,advanced-peeling
EXP_DBL_0508,EnumSizeOpt,lftr
EXP_DBL_0509,EnumSizeOpt,licm-promotion
EXP_DBL_0510,EnumSizeOpt,loop-level-heuristics
EXP_DBL_0511,EnumSizeOpt,lsr
EXP_DBL_0512,EnumSizeOpt,machine-licm
EXP_DBL_0513,EnumSizeOpt,postra-machine-licm
EXP_DBL_0514,EnumSizeOpt,preheader-prot
EXP_DBL_0515,EnumSizeOpt,block-placement
EXP_DBL_0516,EnumSizeOpt,branch-fold
EXP_DBL_0517,EnumSizeOpt,cgp-branch-opts
EXP_DBL_0518,EnumSizeOpt,cgp-select2branch
EXP_DBL_0519,EnumSizeOpt,chr
EXP_DBL_0520,EnumSizeOpt,early-ifcvt
EXP_DBL_0521,EnumSizeOpt,early-taildup
EXP_DBL_0522,EnumSizeOpt,ifcvt-diamond
EXP_DBL_0523,EnumSizeOpt,ifcvt-forked-diamond
EXP_DBL_0524,EnumSizeOpt,ifcvt-simple
EXP_DBL_0525,EnumSizeOpt,ifcvt-simple-false
EXP_DBL_0526,EnumSizeOpt,ifcvt-triangle
EXP_DBL_0527,EnumSizeOpt,ifcvt-triangle-false
EXP_DBL_0528,EnumSizeOpt,ifcvt-triangle-rev
EXP_DBL_0529,EnumSizeOpt,tail-calls
EXP_DBL_0530,EnumSizeOpt,tail-duplicate
EXP_DBL_0531,EnumSizeOpt,cgp-ext-ld-promotion
EXP_DBL_0532,EnumSizeOpt,cgp-store-extract
EXP_DBL_0533,EnumSizeOpt,memop-opt
EXP_DBL_0534,EnumSizeOpt,separate-const-offset-from-gep
EXP_DBL_0535,EnumSizeOpt,adv-copy-opt
EXP_DBL_0536,EnumSizeOpt,cgp-delete-phis
EXP_DBL_0537,EnumSizeOpt,cleanups
EXP_DBL_0538,EnumSizeOpt,constant-hoisting
EXP_DBL_0539,EnumSizeOpt,copyprop
EXP_DBL_0540,EnumSizeOpt,demotion
EXP_DBL_0541,EnumSizeOpt,gep-const-evaluation
EXP_DBL_0542,EnumSizeOpt,icp
EXP_DBL_0543,EnumSizeOpt,machine-cse
EXP_DBL_0544,EnumSizeOpt,machine-dce
EXP_DBL_0545,EnumSizeOpt,machine-sink
EXP_DBL_0546,EnumSizeOpt,mergeicmps
EXP_DBL_0547,EnumSizeOpt,non-allocatable-phys-copy-opt
EXP_DBL_0548,EnumSizeOpt,phi-elim-edge-splitting
EXP_DBL_0549,EnumSizeOpt,postra-machine-sink
EXP_DBL_0550,EnumSizeOpt,preinline
EXP_DBL_0551,EnumSizeOpt,select-optimize
EXP_DBL_0552,EnumSizeOpt,ssc
EXP_DBL_0553,EnumSizeOpt,type-promotion
EXP_DBL_0554,EnumSizeOpt,auto-upgrade-debug-info
EXP_DBL_0555,EnumSizeOpt,bitcode-version-upgrade
EXP_DBL_0556,EnumSizeOpt,cfi-fixup
EXP_DBL_0557,EnumSizeOpt,cgdata-for-merging
EXP_DBL_0558,EnumSizeOpt,global-outlining
EXP_DBL_0559,EnumSizeOpt,last-run-tracking
EXP_DBL_0560,EnumSizeOpt,layout-fsprofile-loader
EXP_DBL_0561,EnumSizeOpt,nofree-inference
EXP_DBL_0562,EnumSizeOpt,nounwind-inference
EXP_DBL_0563,EnumSizeOpt,ondemand-mds-loading
EXP_DBL_0564,EnumSizeOpt,ra-fsprofile-loader
EXP_DBL_0565,EnumSizeOpt,sample-loader-inlining
EXP_DBL_0566,EnumSizeOpt,thinlto-funcattrs
EXP_DBL_0567,EnumSizeOpt,vp
EXP_DBL_0568,EnumSizeOpt,whole-program-visibility
EXP_DBL_0569,EnumSizeOpt,2addr-hack
EXP_DBL_0570,EnumSizeOpt,cgp
EXP_DBL_0571,EnumSizeOpt,cgp-gc-opts
EXP_DBL_0572,EnumSizeOpt,complex-addr-modes
EXP_DBL_0573,EnumSizeOpt,dfa-sched
EXP_DBL_0574,EnumSizeOpt,i2p-p2i-opt
EXP_DBL_0575,EnumSizeOpt,mr-partial-inlining
EXP_DBL_0576,EnumSizeOpt,partial-inlining
EXP_DBL_0577,EnumSizeOpt,partial-libcall-inlining
EXP_DBL_0578,EnumSizeOpt,peephole
EXP_DBL_0579,EnumSizeOpt,post-ra
EXP_DBL_0580,EnumSizeOpt,spill-fusing
EXP_DBL_0581,EnumSizeOpt,strictnode-mutation
EXP_DBL_0582,ForceInline,binop-extract-shuffle
EXP_DBL_0583,ForceInline,expand-reductions
EXP_DBL_0584,ForceInline,interleaved-load-combine
EXP_DBL_0585,ForceInline,loop-idiom-vectorize-all
EXP_DBL_0586,ForceInline,loop-idiom-vectorize-bytecmp
EXP_DBL_0587,ForceInline,promote-alloca-to-vector
EXP_DBL_0588,ForceInline,replace-with-vec-lib
EXP_DBL_0589,ForceInline,vector-combine
EXP_DBL_0590,ForceInline,advanced-peeling
EXP_DBL_0591,ForceInline,lftr
EXP_DBL_0592,ForceInline,licm-promotion
EXP_DBL_0593,ForceInline,loop-level-heuristics
EXP_DBL_0594,ForceInline,lsr
EXP_DBL_0595,ForceInline,machine-licm
EXP_DBL_0596,ForceInline,postra-machine-licm
EXP_DBL_0597,ForceInline,preheader-prot
EXP_DBL_0598,ForceInline,block-placement
EXP_DBL_0599,ForceInline,branch-fold
EXP_DBL_0600,ForceInline,cgp-branch-opts
EXP_DBL_0601,ForceInline,cgp-select2branch
EXP_DBL_0602,ForceInline,chr
EXP_DBL_0603,ForceInline,early-ifcvt
EXP_DBL_0604,ForceInline,early-taildup
EXP_DBL_0605,ForceInline,ifcvt-diamond
EXP_DBL_0606,ForceInline,ifcvt-forked-diamond
EXP_DBL_0607,ForceInline,ifcvt-simple
EXP_DBL_0608,ForceInline,ifcvt-simple-false
EXP_DBL_0609,ForceInline,ifcvt-triangle
EXP_DBL_0610,ForceInline,ifcvt-triangle-false
EXP_DBL_0611,ForceInline,ifcvt-triangle-rev
EXP_DBL_0612,ForceInline,tail-calls
EXP_DBL_0613,ForceInline,tail-duplicate
EXP_DBL_0614,ForceInline,cgp-ext-ld-promotion
EXP_DBL_0615,ForceInline,cgp-store-extract
EXP_DBL_0616,ForceInline,memop-opt
EXP_DBL_0617,ForceInline,separate-const-offset-from-gep
EXP_DBL_0618,ForceInline,adv-copy-opt
EXP_DBL_0619,ForceInline,cgp-delete-phis
EXP_DBL_0620,ForceInline,cleanups
EXP_DBL_0621,ForceInline,constant-hoisting
EXP_DBL_0622,ForceInline,copyprop
EXP_DBL_0623,ForceInline,demotion
EXP_DBL_0624,ForceInline,gep-const-evaluation
EXP_DBL_0625,ForceInline,icp
EXP_DBL_0626,ForceInline,machine-cse
EXP_DBL_0627,ForceInline,machine-dce
EXP_DBL_0628,ForceInline,machine-sink
EXP_DBL_0629,ForceInline,mergeicmps
EXP_DBL_0630,ForceInline,non-allocatable-phys-copy-opt
EXP_DBL_0631,ForceInline,phi-elim-edge-splitting
EXP_DBL_0632,ForceInline,postra-machine-sink
EXP_DBL_0633,ForceInline,preinline
EXP_DBL_0634,ForceInline,select-optimize
EXP_DBL_0635,ForceInline,ssc
EXP_DBL_0636,ForceInline,type-promotion
EXP_DBL_0637,ForceInline,auto-upgrade-debug-info
EXP_DBL_0638,ForceInline,bitcode-version-upgrade
EXP_DBL_0639,ForceInline,cfi-fixup
EXP_DBL_0640,ForceInline,cgdata-for-merging
EXP_DBL_0641,ForceInline,global-outlining
EXP_DBL_0642,ForceInline,last-run-tracking
EXP_DBL_0643,ForceInline,layout-fsprofile-loader
EXP_DBL_0644,ForceInline,nofree-inference
EXP_DBL_0645,ForceInline,nounwind-inference
EXP_DBL_0646,ForceInline,ondemand-mds-loading
EXP_DBL_0647,ForceInline,ra-fsprofile-loader
EXP_DBL_0648,ForceInline,sample-loader-inlining
EXP_DBL_0649,ForceInline,thinlto-funcattrs
EXP_DBL_0650,ForceInline,vp
EXP_DBL_0651,ForceInline,whole-program-visibility
EXP_DBL_0652,ForceInline,2addr-hack
EXP_DBL_0653,ForceInline,cgp
EXP_DBL_0654,ForceInline,cgp-gc-opts
EXP_DBL_0655,ForceInline,complex-addr-modes
EXP_DBL_0656,ForceInline,dfa-sched
EXP_DBL_0657,ForceInline,i2p-p2i-opt
EXP_DBL_0658,ForceInline,mr-partial-inlining
EXP_DBL_0659,ForceInline,partial-inlining
EXP_DBL_0660,ForceInline,partial-libcall-inlining
EXP_DBL_0661,ForceInline,peephole
EXP_DBL_0662,ForceInline,post-ra
EXP_DBL_0663,ForceInline,spill-fusing
EXP_DBL_0664,ForceInline,strictnode-mutation
EXP_DBL_0665,GVN,binop-extract-shuffle
EXP_DBL_0666,GVN,expand-reductions
EXP_DBL_0667,GVN,interleaved-load-combine
EXP_DBL_0668,GVN,loop-idiom-vectorize-all
EXP_DBL_0669,GVN,loop-idiom-vectorize-bytecmp
EXP_DBL_0670,GVN,promote-alloca-to-vector
EXP_DBL_0671,GVN,replace-with-vec-lib
EXP_DBL_0672,GVN,vector-combine
EXP_DBL_0673,GVN,advanced-peeling
EXP_DBL_0674,GVN,lftr
EXP_DBL_0675,GVN,licm-promotion
EXP_DBL_0676,GVN,loop-level-heuristics
EXP_DBL_0677,GVN,lsr
EXP_DBL_0678,GVN,machine-licm
EXP_DBL_0679,GVN,postra-machine-licm
EXP_DBL_0680,GVN,preheader-prot
EXP_DBL_0681,GVN,block-placement
EXP_DBL_0682,GVN,branch-fold
EXP_DBL_0683,GVN,cgp-branch-opts
EXP_DBL_0684,GVN,cgp-select2branch
EXP_DBL_0685,GVN,chr
EXP_DBL_0686,GVN,early-ifcvt
EXP_DBL_0687,GVN,early-taildup
EXP_DBL_0688,GVN,ifcvt-diamond
EXP_DBL_0689,GVN,ifcvt-forked-diamond
EXP_DBL_0690,GVN,ifcvt-simple
EXP_DBL_0691,GVN,ifcvt-simple-false
EXP_DBL_0692,GVN,ifcvt-triangle
EXP_DBL_0693,GVN,ifcvt-triangle-false
EXP_DBL_0694,GVN,ifcvt-triangle-rev
EXP_DBL_0695,GVN,tail-calls
EXP_DBL_0696,GVN,tail-duplicate
EXP_DBL_0697,GVN,cgp-ext-ld-promotion
EXP_DBL_0698,GVN,cgp-store-extract
EXP_DBL_0699,GVN,memop-opt
EXP_DBL_0700,GVN,separate-const-offset-from-gep
EXP_DBL_0701,GVN,adv-copy-opt
EXP_DBL_0702,GVN,cgp-delete-phis
EXP_DBL_0703,GVN,cleanups
EXP_DBL_0704,GVN,constant-hoisting
EXP_DBL_0705,GVN,copyprop
EXP_DBL_0706,GVN,demotion
EXP_DBL_0707,GVN,gep-const-evaluation
EXP_DBL_0708,GVN,icp
EXP_DBL_0709,GVN,machine-cse
EXP_DBL_0710,GVN,machine-dce
EXP_DBL_0711,GVN,machine-sink
EXP_DBL_0712,GVN,mergeicmps
EXP_DBL_0713,GVN,non-allocatable-phys-copy-opt
EXP_DBL_0714,GVN,phi-elim-edge-splitting
EXP_DBL_0715,GVN,postra-machine-sink
EXP_DBL_0716,GVN,preinline
EXP_DBL_0717,GVN,select-optimize
EXP_DBL_0718,GVN,ssc
EXP_DBL_0719,GVN,type-promotion
EXP_DBL_0720,GVN,auto-upgrade-debug-info
EXP_DBL_0721,GVN,bitcode-version-upgrade
EXP_DBL_0722,GVN,cfi-fixup
EXP_DBL_0723,GVN,cgdata-for-merging
EXP_DBL_0724,GVN,global-outlining
EXP_DBL_0725,GVN,last-run-tracking
EXP_DBL_0726,GVN,layout-fsprofile-loader
EXP_DBL_0727,GVN,nofree-inference
EXP_DBL_0728,GVN,nounwind-inference
EXP_DBL_0729,GVN,ondemand-mds-loading
EXP_DBL_0730,GVN,ra-fsprofile-loader
EXP_DBL_0731,GVN,sample-loader-inlining
EXP_DBL_0732,GVN,thinlto-funcattrs
EXP_DBL_0733,GVN,vp
EXP_DBL_0734,GVN,whole-program-visibility
EXP_DBL_0735,GVN,2addr-hack
EXP_DBL_0736,GVN,cgp
EXP_DBL_0737,GVN,cgp-gc-opts
EXP_DBL_0738,GVN,complex-addr-modes
EXP_DBL_0739,GVN,dfa-sched
EXP_DBL_0740,GVN,i2p-p2i-opt
EXP_DBL_0741,GVN,mr-partial-inlining
EXP_DBL_0742,GVN,partial-inlining
EXP_DBL_0743,GVN,partial-libcall-inlining
EXP_DBL_0744,GVN,peephole
EXP_DBL_0745,GVN,post-ra
EXP_DBL_0746,GVN,spill-fusing
EXP_DBL_0747,GVN,strictnode-mutation
EXP_DBL_0748,ImpossiblePredicates,binop-extract-shuffle
EXP_DBL_0749,ImpossiblePredicates,expand-reductions
EXP_DBL_0750,ImpossiblePredicates,interleaved-load-combine
EXP_DBL_0751,ImpossiblePredicates,loop-idiom-vectorize-all
EXP_DBL_0752,ImpossiblePredicates,loop-idiom-vectorize-bytecmp
EXP_DBL_0753,ImpossiblePredicates,promote-alloca-to-vector
EXP_DBL_0754,ImpossiblePredicates,replace-with-vec-lib
EXP_DBL_0755,ImpossiblePredicates,vector-combine
EXP_DBL_0756,ImpossiblePredicates,advanced-peeling
EXP_DBL_0757,ImpossiblePredicates,lftr
EXP_DBL_0758,ImpossiblePredicates,licm-promotion
EXP_DBL_0759,ImpossiblePredicates,loop-level-heuristics
EXP_DBL_0760,ImpossiblePredicates,lsr
EXP_DBL_0761,ImpossiblePredicates,machine-licm
EXP_DBL_0762,ImpossiblePredicates,postra-machine-licm
EXP_DBL_0763,ImpossiblePredicates,preheader-prot
EXP_DBL_0764,ImpossiblePredicates,block-placement
EXP_DBL_0765,ImpossiblePredicates,branch-fold
EXP_DBL_0766,ImpossiblePredicates,cgp-branch-opts
EXP_DBL_0767,ImpossiblePredicates,cgp-select2branch
EXP_DBL_0768,ImpossiblePredicates,chr
EXP_DBL_0769,ImpossiblePredicates,early-ifcvt
EXP_DBL_0770,ImpossiblePredicates,early-taildup
EXP_DBL_0771,ImpossiblePredicates,ifcvt-diamond
EXP_DBL_0772,ImpossiblePredicates,ifcvt-forked-diamond
EXP_DBL_0773,ImpossiblePredicates,ifcvt-simple
EXP_DBL_0774,ImpossiblePredicates,ifcvt-simple-false
EXP_DBL_0775,ImpossiblePredicates,ifcvt-triangle
EXP_DBL_0776,ImpossiblePredicates,ifcvt-triangle-false
EXP_DBL_0777,ImpossiblePredicates,ifcvt-triangle-rev
EXP_DBL_0778,ImpossiblePredicates,tail-calls
EXP_DBL_0779,ImpossiblePredicates,tail-duplicate
EXP_DBL_0780,ImpossiblePredicates,cgp-ext-ld-promotion
EXP_DBL_0781,ImpossiblePredicates,cgp-store-extract
EXP_DBL_0782,ImpossiblePredicates,memop-opt
EXP_DBL_0783,ImpossiblePredicates,separate-const-offset-from-gep
EXP_DBL_0784,ImpossiblePredicates,adv-copy-opt
EXP_DBL_0785,ImpossiblePredicates,cgp-delete-phis
EXP_DBL_0786,ImpossiblePredicates,cleanups
EXP_DBL_0787,ImpossiblePredicates,constant-hoisting
EXP_DBL_0788,ImpossiblePredicates,copyprop
EXP_DBL_0789,ImpossiblePredicates,demotion
EXP_DBL_0790,ImpossiblePredicates,gep-const-evaluation
EXP_DBL_0791,ImpossiblePredicates,icp
EXP_DBL_0792,ImpossiblePredicates,machine-cse
EXP_DBL_0793,ImpossiblePredicates,machine-dce
EXP_DBL_0794,ImpossiblePredicates,machine-sink
EXP_DBL_0795,ImpossiblePredicates,mergeicmps
EXP_DBL_0796,ImpossiblePredicates,non-allocatable-phys-copy-opt
EXP_DBL_0797,ImpossiblePredicates,phi-elim-edge-splitting
EXP_DBL_0798,ImpossiblePredicates,postra-machine-sink
EXP_DBL_0799,ImpossiblePredicates,preinline
EXP_DBL_0800,ImpossiblePredicates,select-optimize
EXP_DBL_0801,ImpossiblePredicates,ssc
EXP_DBL_0802,ImpossiblePredicates,type-promotion
EXP_DBL_0803,ImpossiblePredicates,auto-upgrade-debug-info
EXP_DBL_0804,ImpossiblePredicates,bitcode-version-upgrade
EXP_DBL_0805,ImpossiblePredicates,cfi-fixup
EXP_DBL_0806,ImpossiblePredicates,cgdata-for-merging
EXP_DBL_0807,ImpossiblePredicates,global-outlining
EXP_DBL_0808,ImpossiblePredicates,last-run-tracking
EXP_DBL_0809,ImpossiblePredicates,layout-fsprofile-loader
EXP_DBL_0810,ImpossiblePredicates,nofree-inference
EXP_DBL_0811,ImpossiblePredicates,nounwind-inference
EXP_DBL_0812,ImpossiblePredicates,ondemand-mds-loading
EXP_DBL_0813,ImpossiblePredicates,ra-fsprofile-loader
EXP_DBL_0814,ImpossiblePredicates,sample-loader-inlining
EXP_DBL_0815,ImpossiblePredicates,thinlto-funcattrs
EXP_DBL_0816,ImpossiblePredicates,vp
EXP_DBL_0817,ImpossiblePredicates,whole-program-visibility
EXP_DBL_0818,ImpossiblePredicates,2addr-hack
EXP_DBL_0819,ImpossiblePredicates,cgp
EXP_DBL_0820,ImpossiblePredicates,cgp-gc-opts
EXP_DBL_0821,ImpossiblePredicates,complex-addr-modes
EXP_DBL_0822,ImpossiblePredicates,dfa-sched
EXP_DBL_0823,ImpossiblePredicates,i2p-p2i-opt
EXP_DBL_0824,ImpossiblePredicates,mr-partial-inlining
EXP_DBL_0825,ImpossiblePredicates,partial-inlining
EXP_DBL_0826,ImpossiblePredicates,partial-libcall-inlining
EXP_DBL_0827,ImpossiblePredicates,peephole
EXP_DBL_0828,ImpossiblePredicates,post-ra
EXP_DBL_0829,ImpossiblePredicates,spill-fusing
EXP_DBL_0830,ImpossiblePredicates,strictnode-mutation
EXP_DBL_0831,Inline,binop-extract-shuffle
EXP_DBL_0832,Inline,expand-reductions
EXP_DBL_0833,Inline,interleaved-load-combine
EXP_DBL_0834,Inline,loop-idiom-vectorize-all
EXP_DBL_0835,Inline,loop-idiom-vectorize-bytecmp
EXP_DBL_0836,Inline,promote-alloca-to-vector
EXP_DBL_0837,Inline,replace-with-vec-lib
EXP_DBL_0838,Inline,vector-combine
EXP_DBL_0839,Inline,advanced-peeling
EXP_DBL_0840,Inline,lftr
EXP_DBL_0841,Inline,licm-promotion
EXP_DBL_0842,Inline,loop-level-heuristics
EXP_DBL_0843,Inline,lsr
EXP_DBL_0844,Inline,machine-licm
EXP_DBL_0845,Inline,postra-machine-licm
EXP_DBL_0846,Inline,preheader-prot
EXP_DBL_0847,Inline,block-placement
EXP_DBL_0848,Inline,branch-fold
EXP_DBL_0849,Inline,cgp-branch-opts
EXP_DBL_0850,Inline,cgp-select2branch
EXP_DBL_0851,Inline,chr
EXP_DBL_0852,Inline,early-ifcvt
EXP_DBL_0853,Inline,early-taildup
EXP_DBL_0854,Inline,ifcvt-diamond
EXP_DBL_0855,Inline,ifcvt-forked-diamond
EXP_DBL_0856,Inline,ifcvt-simple
EXP_DBL_0857,Inline,ifcvt-simple-false
EXP_DBL_0858,Inline,ifcvt-triangle
EXP_DBL_0859,Inline,ifcvt-triangle-false
EXP_DBL_0860,Inline,ifcvt-triangle-rev
EXP_DBL_0861,Inline,tail-calls
EXP_DBL_0862,Inline,tail-duplicate
EXP_DBL_0863,Inline,cgp-ext-ld-promotion
EXP_DBL_0864,Inline,cgp-store-extract
EXP_DBL_0865,Inline,memop-opt
EXP_DBL_0866,Inline,separate-const-offset-from-gep
EXP_DBL_0867,Inline,adv-copy-opt
EXP_DBL_0868,Inline,cgp-delete-phis
EXP_DBL_0869,Inline,cleanups
EXP_DBL_0870,Inline,constant-hoisting
EXP_DBL_0871,Inline,copyprop
EXP_DBL_0872,Inline,demotion
EXP_DBL_0873,Inline,gep-const-evaluation
EXP_DBL_0874,Inline,icp
EXP_DBL_0875,Inline,machine-cse
EXP_DBL_0876,Inline,machine-dce
EXP_DBL_0877,Inline,machine-sink
EXP_DBL_0878,Inline,mergeicmps
EXP_DBL_0879,Inline,non-allocatable-phys-copy-opt
EXP_DBL_0880,Inline,phi-elim-edge-splitting
EXP_DBL_0881,Inline,postra-machine-sink
EXP_DBL_0882,Inline,preinline
EXP_DBL_0883,Inline,select-optimize
EXP_DBL_0884,Inline,ssc
EXP_DBL_0885,Inline,type-promotion
EXP_DBL_0886,Inline,auto-upgrade-debug-info
EXP_DBL_0887,Inline,bitcode-version-upgrade
EXP_DBL_0888,Inline,cfi-fixup
EXP_DBL_0889,Inline,cgdata-for-merging
EXP_DBL_0890,Inline,global-outlining
EXP_DBL_0891,Inline,last-run-tracking
EXP_DBL_0892,Inline,layout-fsprofile-loader
EXP_DBL_0893,Inline,nofree-inference
EXP_DBL_0894,Inline,nounwind-inference
EXP_DBL_0895,Inline,ondemand-mds-loading
EXP_DBL_0896,Inline,ra-fsprofile-loader
EXP_DBL_0897,Inline,sample-loader-inlining
EXP_DBL_0898,Inline,thinlto-funcattrs
EXP_DBL_0899,Inline,vp
EXP_DBL_0900,Inline,whole-program-visibility
EXP_DBL_0901,Inline,2addr-hack
EXP_DBL_0902,Inline,cgp
EXP_DBL_0903,Inline,cgp-gc-opts
EXP_DBL_0904,Inline,complex-addr-modes
EXP_DBL_0905,Inline,dfa-sched
EXP_DBL_0906,Inline,i2p-p2i-opt
EXP_DBL_0907,Inline,mr-partial-inlining
EXP_DBL_0908,Inline,partial-inlining
EXP_DBL_0909,Inline,partial-libcall-inlining
EXP_DBL_0910,Inline,peephole
EXP_DBL_0911,Inline,post-ra
EXP_DBL_0912,Inline,spill-fusing
EXP_DBL_0913,Inline,strictnode-mutation
EXP_DBL_0914,InstSimplify-after-simplifycfg,binop-extract-shuffle
EXP_DBL_0915,InstSimplify-after-simplifycfg,expand-reductions
EXP_DBL_0916,InstSimplify-after-simplifycfg,interleaved-load-combine
EXP_DBL_0917,InstSimplify-after-simplifycfg,loop-idiom-vectorize-all
EXP_DBL_0918,InstSimplify-after-simplifycfg,loop-idiom-vectorize-bytecmp
EXP_DBL_0919,InstSimplify-after-simplifycfg,promote-alloca-to-vector
EXP_DBL_0920,InstSimplify-after-simplifycfg,replace-with-vec-lib
EXP_DBL_0921,InstSimplify-after-simplifycfg,vector-combine
EXP_DBL_0922,InstSimplify-after-simplifycfg,advanced-peeling
EXP_DBL_0923,InstSimplify-after-simplifycfg,lftr
EXP_DBL_0924,InstSimplify-after-simplifycfg,licm-promotion
EXP_DBL_0925,InstSimplify-after-simplifycfg,loop-level-heuristics
EXP_DBL_0926,InstSimplify-after-simplifycfg,lsr
EXP_DBL_0927,InstSimplify-after-simplifycfg,machine-licm
EXP_DBL_0928,InstSimplify-after-simplifycfg,postra-machine-licm
EXP_DBL_0929,InstSimplify-after-simplifycfg,preheader-prot
EXP_DBL_0930,InstSimplify-after-simplifycfg,block-placement
EXP_DBL_0931,InstSimplify-after-simplifycfg,branch-fold
EXP_DBL_0932,InstSimplify-after-simplifycfg,cgp-branch-opts
EXP_DBL_0933,InstSimplify-after-simplifycfg,cgp-select2branch
EXP_DBL_0934,InstSimplify-after-simplifycfg,chr
EXP_DBL_0935,InstSimplify-after-simplifycfg,early-ifcvt
EXP_DBL_0936,InstSimplify-after-simplifycfg,early-taildup
EXP_DBL_0937,InstSimplify-after-simplifycfg,ifcvt-diamond
EXP_DBL_0938,InstSimplify-after-simplifycfg,ifcvt-forked-diamond
EXP_DBL_0939,InstSimplify-after-simplifycfg,ifcvt-simple
EXP_DBL_0940,InstSimplify-after-simplifycfg,ifcvt-simple-false
EXP_DBL_0941,InstSimplify-after-simplifycfg,ifcvt-triangle
EXP_DBL_0942,InstSimplify-after-simplifycfg,ifcvt-triangle-false
EXP_DBL_0943,InstSimplify-after-simplifycfg,ifcvt-triangle-rev
EXP_DBL_0944,InstSimplify-after-simplifycfg,tail-calls
EXP_DBL_0945,InstSimplify-after-simplifycfg,tail-duplicate
EXP_DBL_0946,InstSimplify-after-simplifycfg,cgp-ext-ld-promotion
EXP_DBL_0947,InstSimplify-after-simplifycfg,cgp-store-extract
EXP_DBL_0948,InstSimplify-after-simplifycfg,memop-opt
EXP_DBL_0949,InstSimplify-after-simplifycfg,separate-const-offset-from-gep
EXP_DBL_0950,InstSimplify-after-simplifycfg,adv-copy-opt
EXP_DBL_0951,InstSimplify-after-simplifycfg,cgp-delete-phis
EXP_DBL_0952,InstSimplify-after-simplifycfg,cleanups
EXP_DBL_0953,InstSimplify-after-simplifycfg,constant-hoisting
EXP_DBL_0954,InstSimplify-after-simplifycfg,copyprop
EXP_DBL_0955,InstSimplify-after-simplifycfg,demotion
EXP_DBL_0956,InstSimplify-after-simplifycfg,gep-const-evaluation
EXP_DBL_0957,InstSimplify-after-simplifycfg,icp
EXP_DBL_0958,InstSimplify-after-simplifycfg,machine-cse
EXP_DBL_0959,InstSimplify-after-simplifycfg,machine-dce
EXP_DBL_0960,InstSimplify-after-simplifycfg,machine-sink
EXP_DBL_0961,InstSimplify-after-simplifycfg,mergeicmps
EXP_DBL_0962,InstSimplify-after-simplifycfg,non-allocatable-phys-copy-opt
EXP_DBL_0963,InstSimplify-after-simplifycfg,phi-elim-edge-splitting
EXP_DBL_0964,InstSimplify-after-simplifycfg,postra-machine-sink
EXP_DBL_0965,InstSimplify-after-simplifycfg,preinline
EXP_DBL_0966,InstSimplify-after-simplifycfg,select-optimize
EXP_DBL_0967,InstSimplify-after-simplifycfg,ssc
EXP_DBL_0968,InstSimplify-after-simplifycfg,type-promotion
EXP_DBL_0969,InstSimplify-after-simplifycfg,auto-upgrade-debug-info
EXP_DBL_0970,InstSimplify-after-simplifycfg,bitcode-version-upgrade
EXP_DBL_0971,InstSimplify-after-simplifycfg,cfi-fixup
EXP_DBL_0972,InstSimplify-after-simplifycfg,cgdata-for-merging
EXP_DBL_0973,InstSimplify-after-simplifycfg,global-outlining
EXP_DBL_0974,InstSimplify-after-simplifycfg,last-run-tracking
EXP_DBL_0975,InstSimplify-after-simplifycfg,layout-fsprofile-loader
EXP_DBL_0976,InstSimplify-after-simplifycfg,nofree-inference
EXP_DBL_0977,InstSimplify-after-simplifycfg,nounwind-inference
EXP_DBL_0978,InstSimplify-after-simplifycfg,ondemand-mds-loading
EXP_DBL_0979,InstSimplify-after-simplifycfg,ra-fsprofile-loader
EXP_DBL_0980,InstSimplify-after-simplifycfg,sample-loader-inlining
EXP_DBL_0981,InstSimplify-after-simplifycfg,thinlto-funcattrs
EXP_DBL_0982,InstSimplify-after-simplifycfg,vp
EXP_DBL_0983,InstSimplify-after-simplifycfg,whole-program-visibility
EXP_DBL_0984,InstSimplify-after-simplifycfg,2addr-hack
EXP_DBL_0985,InstSimplify-after-simplifycfg,cgp
EXP_DBL_0986,InstSimplify-after-simplifycfg,cgp-gc-opts
EXP_DBL_0987,InstSimplify-after-simplifycfg,complex-addr-modes
EXP_DBL_0988,InstSimplify-after-simplifycfg,dfa-sched
EXP_DBL_0989,InstSimplify-after-simplifycfg,i2p-p2i-opt
EXP_DBL_0990,InstSimplify-after-simplifycfg,mr-partial-inlining
EXP_DBL_0991,InstSimplify-after-simplifycfg,partial-inlining
EXP_DBL_0992,InstSimplify-after-simplifycfg,partial-libcall-inlining
EXP_DBL_0993,InstSimplify-after-simplifycfg,peephole
EXP_DBL_0994,InstSimplify-after-simplifycfg,post-ra
EXP_DBL_0995,InstSimplify-after-simplifycfg,spill-fusing
EXP_DBL_0996,InstSimplify-after-simplifycfg,strictnode-mutation
EXP_DBL_0997,InstSimplify-before-inline,binop-extract-shuffle
EXP_DBL_0998,InstSimplify-before-inline,expand-reductions
EXP_DBL_0999,InstSimplify-before-inline,interleaved-load-combine
EXP_DBL_1000,InstSimplify-before-inline,loop-idiom-vectorize-all
EXP_DBL_1001,InstSimplify-before-inline,loop-idiom-vectorize-bytecmp
EXP_DBL_1002,InstSimplify-before-inline,promote-alloca-to-vector
EXP_DBL_1003,InstSimplify-before-inline,replace-with-vec-lib
EXP_DBL_1004,InstSimplify-before-inline,vector-combine
EXP_DBL_1005,InstSimplify-before-inline,advanced-peeling
EXP_DBL_1006,InstSimplify-before-inline,lftr
EXP_DBL_1007,InstSimplify-before-inline,licm-promotion
EXP_DBL_1008,InstSimplify-before-inline,loop-level-heuristics
EXP_DBL_1009,InstSimplify-before-inline,lsr
EXP_DBL_1010,InstSimplify-before-inline,machine-licm
EXP_DBL_1011,InstSimplify-before-inline,postra-machine-licm
EXP_DBL_1012,InstSimplify-before-inline,preheader-prot
EXP_DBL_1013,InstSimplify-before-inline,block-placement
EXP_DBL_1014,InstSimplify-before-inline,branch-fold
EXP_DBL_1015,InstSimplify-before-inline,cgp-branch-opts
EXP_DBL_1016,InstSimplify-before-inline,cgp-select2branch
EXP_DBL_1017,InstSimplify-before-inline,chr
EXP_DBL_1018,InstSimplify-before-inline,early-ifcvt
EXP_DBL_1019,InstSimplify-before-inline,early-taildup
EXP_DBL_1020,InstSimplify-before-inline,ifcvt-diamond
EXP_DBL_1021,InstSimplify-before-inline,ifcvt-forked-diamond
EXP_DBL_1022,InstSimplify-before-inline,ifcvt-simple
EXP_DBL_1023,InstSimplify-before-inline,ifcvt-simple-false
EXP_DBL_1024,InstSimplify-before-inline,ifcvt-triangle
EXP_DBL_1025,InstSimplify-before-inline,ifcvt-triangle-false
EXP_DBL_1026,InstSimplify-before-inline,ifcvt-triangle-rev
EXP_DBL_1027,InstSimplify-before-inline,tail-calls
EXP_DBL_1028,InstSimplify-before-inline,tail-duplicate
EXP_DBL_1029,InstSimplify-before-inline,cgp-ext-ld-promotion
EXP_DBL_1030,InstSimplify-before-inline,cgp-store-extract
EXP_DBL_1031,InstSimplify-before-inline,memop-opt
EXP_DBL_1032,InstSimplify-before-inline,separate-const-offset-from-gep
EXP_DBL_1033,InstSimplify-before-inline,adv-copy-opt
EXP_DBL_1034,InstSimplify-before-inline,cgp-delete-phis
EXP_DBL_1035,InstSimplify-before-inline,cleanups
EXP_DBL_1036,InstSimplify-before-inline,constant-hoisting
EXP_DBL_1037,InstSimplify-before-inline,copyprop
EXP_DBL_1038,InstSimplify-before-inline,demotion
EXP_DBL_1039,InstSimplify-before-inline,gep-const-evaluation
EXP_DBL_1040,InstSimplify-before-inline,icp
EXP_DBL_1041,InstSimplify-before-inline,machine-cse
EXP_DBL_1042,InstSimplify-before-inline,machine-dce
EXP_DBL_1043,InstSimplify-before-inline,machine-sink
EXP_DBL_1044,InstSimplify-before-inline,mergeicmps
EXP_DBL_1045,InstSimplify-before-inline,non-allocatable-phys-copy-opt
EXP_DBL_1046,InstSimplify-before-inline,phi-elim-edge-splitting
EXP_DBL_1047,InstSimplify-before-inline,postra-machine-sink
EXP_DBL_1048,InstSimplify-before-inline,preinline
EXP_DBL_1049,InstSimplify-before-inline,select-optimize
EXP_DBL_1050,InstSimplify-before-inline,ssc
EXP_DBL_1051,InstSimplify-before-inline,type-promotion
EXP_DBL_1052,InstSimplify-before-inline,auto-upgrade-debug-info
EXP_DBL_1053,InstSimplify-before-inline,bitcode-version-upgrade
EXP_DBL_1054,InstSimplify-before-inline,cfi-fixup
EXP_DBL_1055,InstSimplify-before-inline,cgdata-for-merging
EXP_DBL_1056,InstSimplify-before-inline,global-outlining
EXP_DBL_1057,InstSimplify-before-inline,last-run-tracking
EXP_DBL_1058,InstSimplify-before-inline,layout-fsprofile-loader
EXP_DBL_1059,InstSimplify-before-inline,nofree-inference
EXP_DBL_1060,InstSimplify-before-inline,nounwind-inference
EXP_DBL_1061,InstSimplify-before-inline,ondemand-mds-loading
EXP_DBL_1062,InstSimplify-before-inline,ra-fsprofile-loader
EXP_DBL_1063,InstSimplify-before-inline,sample-loader-inlining
EXP_DBL_1064,InstSimplify-before-inline,thinlto-funcattrs
EXP_DBL_1065,InstSimplify-before-inline,vp
EXP_DBL_1066,InstSimplify-before-inline,whole-program-visibility
EXP_DBL_1067,InstSimplify-before-inline,2addr-hack
EXP_DBL_1068,InstSimplify-before-inline,cgp
EXP_DBL_1069,InstSimplify-before-inline,cgp-gc-opts
EXP_DBL_1070,InstSimplify-before-inline,complex-addr-modes
EXP_DBL_1071,InstSimplify-before-inline,dfa-sched
EXP_DBL_1072,InstSimplify-before-inline,i2p-p2i-opt
EXP_DBL_1073,InstSimplify-before-inline,mr-partial-inlining
EXP_DBL_1074,InstSimplify-before-inline,partial-inlining
EXP_DBL_1075,InstSimplify-before-inline,partial-libcall-inlining
EXP_DBL_1076,InstSimplify-before-inline,peephole
EXP_DBL_1077,InstSimplify-before-inline,post-ra
EXP_DBL_1078,InstSimplify-before-inline,spill-fusing
EXP_DBL_1079,InstSimplify-before-inline,strictnode-mutation
EXP_DBL_1080,JumpThreading,binop-extract-shuffle
EXP_DBL_1081,JumpThreading,expand-reductions
EXP_DBL_1082,JumpThreading,interleaved-load-combine
EXP_DBL_1083,JumpThreading,loop-idiom-vectorize-all
EXP_DBL_1084,JumpThreading,loop-idiom-vectorize-bytecmp
EXP_DBL_1085,JumpThreading,promote-alloca-to-vector
EXP_DBL_1086,JumpThreading,replace-with-vec-lib
EXP_DBL_1087,JumpThreading,vector-combine
EXP_DBL_1088,JumpThreading,advanced-peeling
EXP_DBL_1089,JumpThreading,lftr
EXP_DBL_1090,JumpThreading,licm-promotion
EXP_DBL_1091,JumpThreading,loop-level-heuristics
EXP_DBL_1092,JumpThreading,lsr
EXP_DBL_1093,JumpThreading,machine-licm
EXP_DBL_1094,JumpThreading,postra-machine-licm
EXP_DBL_1095,JumpThreading,preheader-prot
EXP_DBL_1096,JumpThreading,block-placement
EXP_DBL_1097,JumpThreading,branch-fold
EXP_DBL_1098,JumpThreading,cgp-branch-opts
EXP_DBL_1099,JumpThreading,cgp-select2branch
EXP_DBL_1100,JumpThreading,chr
EXP_DBL_1101,JumpThreading,early-ifcvt
EXP_DBL_1102,JumpThreading,early-taildup
EXP_DBL_1103,JumpThreading,ifcvt-diamond
EXP_DBL_1104,JumpThreading,ifcvt-forked-diamond
EXP_DBL_1105,JumpThreading,ifcvt-simple
EXP_DBL_1106,JumpThreading,ifcvt-simple-false
EXP_DBL_1107,JumpThreading,ifcvt-triangle
EXP_DBL_1108,JumpThreading,ifcvt-triangle-false
EXP_DBL_1109,JumpThreading,ifcvt-triangle-rev
EXP_DBL_1110,JumpThreading,tail-calls
EXP_DBL_1111,JumpThreading,tail-duplicate
EXP_DBL_1112,JumpThreading,cgp-ext-ld-promotion
EXP_DBL_1113,JumpThreading,cgp-store-extract
EXP_DBL_1114,JumpThreading,memop-opt
EXP_DBL_1115,JumpThreading,separate-const-offset-from-gep
EXP_DBL_1116,JumpThreading,adv-copy-opt
EXP_DBL_1117,JumpThreading,cgp-delete-phis
EXP_DBL_1118,JumpThreading,cleanups
EXP_DBL_1119,JumpThreading,constant-hoisting
EXP_DBL_1120,JumpThreading,copyprop
EXP_DBL_1121,JumpThreading,demotion
EXP_DBL_1122,JumpThreading,gep-const-evaluation
EXP_DBL_1123,JumpThreading,icp
EXP_DBL_1124,JumpThreading,machine-cse
EXP_DBL_1125,JumpThreading,machine-dce
EXP_DBL_1126,JumpThreading,machine-sink
EXP_DBL_1127,JumpThreading,mergeicmps
EXP_DBL_1128,JumpThreading,non-allocatable-phys-copy-opt
EXP_DBL_1129,JumpThreading,phi-elim-edge-splitting
EXP_DBL_1130,JumpThreading,postra-machine-sink
EXP_DBL_1131,JumpThreading,preinline
EXP_DBL_1132,JumpThreading,select-optimize
EXP_DBL_1133,JumpThreading,ssc
EXP_DBL_1134,JumpThreading,type-promotion
EXP_DBL_1135,JumpThreading,auto-upgrade-debug-info
EXP_DBL_1136,JumpThreading,bitcode-version-upgrade
EXP_DBL_1137,JumpThreading,cfi-fixup
EXP_DBL_1138,JumpThreading,cgdata-for-merging
EXP_DBL_1139,JumpThreading,global-outlining
EXP_DBL_1140,JumpThreading,last-run-tracking
EXP_DBL_1141,JumpThreading,layout-fsprofile-loader
EXP_DBL_1142,JumpThreading,nofree-inference
EXP_DBL_1143,JumpThreading,nounwind-inference
EXP_DBL_1144,JumpThreading,ondemand-mds-loading
EXP_DBL_1145,JumpThreading,ra-fsprofile-loader
EXP_DBL_1146,JumpThreading,sample-loader-inlining
EXP_DBL_1147,JumpThreading,thinlto-funcattrs
EXP_DBL_1148,JumpThreading,vp
EXP_DBL_1149,JumpThreading,whole-program-visibility
EXP_DBL_1150,JumpThreading,2addr-hack
EXP_DBL_1151,JumpThreading,cgp
EXP_DBL_1152,JumpThreading,cgp-gc-opts
EXP_DBL_1153,JumpThreading,complex-addr-modes
EXP_DBL_1154,JumpThreading,dfa-sched
EXP_DBL_1155,JumpThreading,i2p-p2i-opt
EXP_DBL_1156,JumpThreading,mr-partial-inlining
EXP_DBL_1157,JumpThreading,partial-inlining
EXP_DBL_1158,JumpThreading,partial-libcall-inlining
EXP_DBL_1159,JumpThreading,peephole
EXP_DBL_1160,JumpThreading,post-ra
EXP_DBL_1161,JumpThreading,spill-fusing
EXP_DBL_1162,JumpThreading,strictnode-mutation
EXP_DBL_1163,MatchBranchSimplification,binop-extract-shuffle
EXP_DBL_1164,MatchBranchSimplification,expand-reductions
EXP_DBL_1165,MatchBranchSimplification,interleaved-load-combine
EXP_DBL_1166,MatchBranchSimplification,loop-idiom-vectorize-all
EXP_DBL_1167,MatchBranchSimplification,loop-idiom-vectorize-bytecmp
EXP_DBL_1168,MatchBranchSimplification,promote-alloca-to-vector
EXP_DBL_1169,MatchBranchSimplification,replace-with-vec-lib
EXP_DBL_1170,MatchBranchSimplification,vector-combine
EXP_DBL_1171,MatchBranchSimplification,advanced-peeling
EXP_DBL_1172,MatchBranchSimplification,lftr
EXP_DBL_1173,MatchBranchSimplification,licm-promotion
EXP_DBL_1174,MatchBranchSimplification,loop-level-heuristics
EXP_DBL_1175,MatchBranchSimplification,lsr
EXP_DBL_1176,MatchBranchSimplification,machine-licm
EXP_DBL_1177,MatchBranchSimplification,postra-machine-licm
EXP_DBL_1178,MatchBranchSimplification,preheader-prot
EXP_DBL_1179,MatchBranchSimplification,block-placement
EXP_DBL_1180,MatchBranchSimplification,branch-fold
EXP_DBL_1181,MatchBranchSimplification,cgp-branch-opts
EXP_DBL_1182,MatchBranchSimplification,cgp-select2branch
EXP_DBL_1183,MatchBranchSimplification,chr
EXP_DBL_1184,MatchBranchSimplification,early-ifcvt
EXP_DBL_1185,MatchBranchSimplification,early-taildup
EXP_DBL_1186,MatchBranchSimplification,ifcvt-diamond
EXP_DBL_1187,MatchBranchSimplification,ifcvt-forked-diamond
EXP_DBL_1188,MatchBranchSimplification,ifcvt-simple
EXP_DBL_1189,MatchBranchSimplification,ifcvt-simple-false
EXP_DBL_1190,MatchBranchSimplification,ifcvt-triangle
EXP_DBL_1191,MatchBranchSimplification,ifcvt-triangle-false
EXP_DBL_1192,MatchBranchSimplification,ifcvt-triangle-rev
EXP_DBL_1193,MatchBranchSimplification,tail-calls
EXP_DBL_1194,MatchBranchSimplification,tail-duplicate
EXP_DBL_1195,MatchBranchSimplification,cgp-ext-ld-promotion
EXP_DBL_1196,MatchBranchSimplification,cgp-store-extract
EXP_DBL_1197,MatchBranchSimplification,memop-opt
EXP_DBL_1198,MatchBranchSimplification,separate-const-offset-from-gep
EXP_DBL_1199,MatchBranchSimplification,adv-copy-opt
EXP_DBL_1200,MatchBranchSimplification,cgp-delete-phis
EXP_DBL_1201,MatchBranchSimplification,cleanups
EXP_DBL_1202,MatchBranchSimplification,constant-hoisting
EXP_DBL_1203,MatchBranchSimplification,copyprop
EXP_DBL_1204,MatchBranchSimplification,demotion
EXP_DBL_1205,MatchBranchSimplification,gep-const-evaluation
EXP_DBL_1206,MatchBranchSimplification,icp
EXP_DBL_1207,MatchBranchSimplification,machine-cse
EXP_DBL_1208,MatchBranchSimplification,machine-dce
EXP_DBL_1209,MatchBranchSimplification,machine-sink
EXP_DBL_1210,MatchBranchSimplification,mergeicmps
EXP_DBL_1211,MatchBranchSimplification,non-allocatable-phys-copy-opt
EXP_DBL_1212,MatchBranchSimplification,phi-elim-edge-splitting
EXP_DBL_1213,MatchBranchSimplification,postra-machine-sink
EXP_DBL_1214,MatchBranchSimplification,preinline
EXP_DBL_1215,MatchBranchSimplification,select-optimize
EXP_DBL_1216,MatchBranchSimplification,ssc
EXP_DBL_1217,MatchBranchSimplification,type-promotion
EXP_DBL_1218,MatchBranchSimplification,auto-upgrade-debug-info
EXP_DBL_1219,MatchBranchSimplification,bitcode-version-upgrade
EXP_DBL_1220,MatchBranchSimplification,cfi-fixup
EXP_DBL_1221,MatchBranchSimplification,cgdata-for-merging
EXP_DBL_1222,MatchBranchSimplification,global-outlining
EXP_DBL_1223,MatchBranchSimplification,last-run-tracking
EXP_DBL_1224,MatchBranchSimplification,layout-fsprofile-loader
EXP_DBL_1225,MatchBranchSimplification,nofree-inference
EXP_DBL_1226,MatchBranchSimplification,nounwind-inference
EXP_DBL_1227,MatchBranchSimplification,ondemand-mds-loading
EXP_DBL_1228,MatchBranchSimplification,ra-fsprofile-loader
EXP_DBL_1229,MatchBranchSimplification,sample-loader-inlining
EXP_DBL_1230,MatchBranchSimplification,thinlto-funcattrs
EXP_DBL_1231,MatchBranchSimplification,vp
EXP_DBL_1232,MatchBranchSimplification,whole-program-visibility
EXP_DBL_1233,MatchBranchSimplification,2addr-hack
EXP_DBL_1234,MatchBranchSimplification,cgp
EXP_DBL_1235,MatchBranchSimplification,cgp-gc-opts
EXP_DBL_1236,MatchBranchSimplification,complex-addr-modes
EXP_DBL_1237,MatchBranchSimplification,dfa-sched
EXP_DBL_1238,MatchBranchSimplification,i2p-p2i-opt
EXP_DBL_1239,MatchBranchSimplification,mr-partial-inlining
EXP_DBL_1240,MatchBranchSimplification,partial-inlining
EXP_DBL_1241,MatchBranchSimplification,partial-libcall-inlining
EXP_DBL_1242,MatchBranchSimplification,peephole
EXP_DBL_1243,MatchBranchSimplification,post-ra
EXP_DBL_1244,MatchBranchSimplification,spill-fusing
EXP_DBL_1245,MatchBranchSimplification,strictnode-mutation
EXP_DBL_1246,ReferencePropagation,binop-extract-shuffle
EXP_DBL_1247,ReferencePropagation,expand-reductions
EXP_DBL_1248,ReferencePropagation,interleaved-load-combine
EXP_DBL_1249,ReferencePropagation,loop-idiom-vectorize-all
EXP_DBL_1250,ReferencePropagation,loop-idiom-vectorize-bytecmp
EXP_DBL_1251,ReferencePropagation,promote-alloca-to-vector
EXP_DBL_1252,ReferencePropagation,replace-with-vec-lib
EXP_DBL_1253,ReferencePropagation,vector-combine
EXP_DBL_1254,ReferencePropagation,advanced-peeling
EXP_DBL_1255,ReferencePropagation,lftr
EXP_DBL_1256,ReferencePropagation,licm-promotion
EXP_DBL_1257,ReferencePropagation,loop-level-heuristics
EXP_DBL_1258,ReferencePropagation,lsr
EXP_DBL_1259,ReferencePropagation,machine-licm
EXP_DBL_1260,ReferencePropagation,postra-machine-licm
EXP_DBL_1261,ReferencePropagation,preheader-prot
EXP_DBL_1262,ReferencePropagation,block-placement
EXP_DBL_1263,ReferencePropagation,branch-fold
EXP_DBL_1264,ReferencePropagation,cgp-branch-opts
EXP_DBL_1265,ReferencePropagation,cgp-select2branch
EXP_DBL_1266,ReferencePropagation,chr
EXP_DBL_1267,ReferencePropagation,early-ifcvt
EXP_DBL_1268,ReferencePropagation,early-taildup
EXP_DBL_1269,ReferencePropagation,ifcvt-diamond
EXP_DBL_1270,ReferencePropagation,ifcvt-forked-diamond
EXP_DBL_1271,ReferencePropagation,ifcvt-simple
EXP_DBL_1272,ReferencePropagation,ifcvt-simple-false
EXP_DBL_1273,ReferencePropagation,ifcvt-triangle
EXP_DBL_1274,ReferencePropagation,ifcvt-triangle-false
EXP_DBL_1275,ReferencePropagation,ifcvt-triangle-rev
EXP_DBL_1276,ReferencePropagation,tail-calls
EXP_DBL_1277,ReferencePropagation,tail-duplicate
EXP_DBL_1278,ReferencePropagation,cgp-ext-ld-promotion
EXP_DBL_1279,ReferencePropagation,cgp-store-extract
EXP_DBL_1280,ReferencePropagation,memop-opt
EXP_DBL_1281,ReferencePropagation,separate-const-offset-from-gep
EXP_DBL_1282,ReferencePropagation,adv-copy-opt
EXP_DBL_1283,ReferencePropagation,cgp-delete-phis
EXP_DBL_1284,ReferencePropagation,cleanups
EXP_DBL_1285,ReferencePropagation,constant-hoisting
EXP_DBL_1286,ReferencePropagation,copyprop
EXP_DBL_1287,ReferencePropagation,demotion
EXP_DBL_1288,ReferencePropagation,gep-const-evaluation
EXP_DBL_1289,ReferencePropagation,icp
EXP_DBL_1290,ReferencePropagation,machine-cse
EXP_DBL_1291,ReferencePropagation,machine-dce
EXP_DBL_1292,ReferencePropagation,machine-sink
EXP_DBL_1293,ReferencePropagation,mergeicmps
EXP_DBL_1294,ReferencePropagation,non-allocatable-phys-copy-opt
EXP_DBL_1295,ReferencePropagation,phi-elim-edge-splitting
EXP_DBL_1296,ReferencePropagation,postra-machine-sink
EXP_DBL_1297,ReferencePropagation,preinline
EXP_DBL_1298,ReferencePropagation,select-optimize
EXP_DBL_1299,ReferencePropagation,ssc
EXP_DBL_1300,ReferencePropagation,type-promotion
EXP_DBL_1301,ReferencePropagation,auto-upgrade-debug-info
EXP_DBL_1302,ReferencePropagation,bitcode-version-upgrade
EXP_DBL_1303,ReferencePropagation,cfi-fixup
EXP_DBL_1304,ReferencePropagation,cgdata-for-merging
EXP_DBL_1305,ReferencePropagation,global-outlining
EXP_DBL_1306,ReferencePropagation,last-run-tracking
EXP_DBL_1307,ReferencePropagation,layout-fsprofile-loader
EXP_DBL_1308,ReferencePropagation,nofree-inference
EXP_DBL_1309,ReferencePropagation,nounwind-inference
EXP_DBL_1310,ReferencePropagation,ondemand-mds-loading
EXP_DBL_1311,ReferencePropagation,ra-fsprofile-loader
EXP_DBL_1312,ReferencePropagation,sample-loader-inlining
EXP_DBL_1313,ReferencePropagation,thinlto-funcattrs
EXP_DBL_1314,ReferencePropagation,vp
EXP_DBL_1315,ReferencePropagation,whole-program-visibility
EXP_DBL_1316,ReferencePropagation,2addr-hack
EXP_DBL_1317,ReferencePropagation,cgp
EXP_DBL_1318,ReferencePropagation,cgp-gc-opts
EXP_DBL_1319,ReferencePropagation,complex-addr-modes
EXP_DBL_1320,ReferencePropagation,dfa-sched
EXP_DBL_1321,ReferencePropagation,i2p-p2i-opt
EXP_DBL_1322,ReferencePropagation,mr-partial-inlining
EXP_DBL_1323,ReferencePropagation,partial-inlining
EXP_DBL_1324,ReferencePropagation,partial-libcall-inlining
EXP_DBL_1325,ReferencePropagation,peephole
EXP_DBL_1326,ReferencePropagation,post-ra
EXP_DBL_1327,ReferencePropagation,spill-fusing
EXP_DBL_1328,ReferencePropagation,strictnode-mutation
EXP_DBL_1329,ScalarReplacementOfAggregates,binop-extract-shuffle
EXP_DBL_1330,ScalarReplacementOfAggregates,expand-reductions
EXP_DBL_1331,ScalarReplacementOfAggregates,interleaved-load-combine
EXP_DBL_1332,ScalarReplacementOfAggregates,loop-idiom-vectorize-all
EXP_DBL_1333,ScalarReplacementOfAggregates,loop-idiom-vectorize-bytecmp
EXP_DBL_1334,ScalarReplacementOfAggregates,promote-alloca-to-vector
EXP_DBL_1335,ScalarReplacementOfAggregates,replace-with-vec-lib
EXP_DBL_1336,ScalarReplacementOfAggregates,vector-combine
EXP_DBL_1337,ScalarReplacementOfAggregates,advanced-peeling
EXP_DBL_1338,ScalarReplacementOfAggregates,lftr
EXP_DBL_1339,ScalarReplacementOfAggregates,licm-promotion
EXP_DBL_1340,ScalarReplacementOfAggregates,loop-level-heuristics
EXP_DBL_1341,ScalarReplacementOfAggregates,lsr
EXP_DBL_1342,ScalarReplacementOfAggregates,machine-licm
EXP_DBL_1343,ScalarReplacementOfAggregates,postra-machine-licm
EXP_DBL_1344,ScalarReplacementOfAggregates,preheader-prot
EXP_DBL_1345,ScalarReplacementOfAggregates,block-placement
EXP_DBL_1346,ScalarReplacementOfAggregates,branch-fold
EXP_DBL_1347,ScalarReplacementOfAggregates,cgp-branch-opts
EXP_DBL_1348,ScalarReplacementOfAggregates,cgp-select2branch
EXP_DBL_1349,ScalarReplacementOfAggregates,chr
EXP_DBL_1350,ScalarReplacementOfAggregates,early-ifcvt
EXP_DBL_1351,ScalarReplacementOfAggregates,early-taildup
EXP_DBL_1352,ScalarReplacementOfAggregates,ifcvt-diamond
EXP_DBL_1353,ScalarReplacementOfAggregates,ifcvt-forked-diamond
EXP_DBL_1354,ScalarReplacementOfAggregates,ifcvt-simple
EXP_DBL_1355,ScalarReplacementOfAggregates,ifcvt-simple-false
EXP_DBL_1356,ScalarReplacementOfAggregates,ifcvt-triangle
EXP_DBL_1357,ScalarReplacementOfAggregates,ifcvt-triangle-false
EXP_DBL_1358,ScalarReplacementOfAggregates,ifcvt-triangle-rev
EXP_DBL_1359,ScalarReplacementOfAggregates,tail-calls
EXP_DBL_1360,ScalarReplacementOfAggregates,tail-duplicate
EXP_DBL_1361,ScalarReplacementOfAggregates,cgp-ext-ld-promotion
EXP_DBL_1362,ScalarReplacementOfAggregates,cgp-store-extract
EXP_DBL_1363,ScalarReplacementOfAggregates,memop-opt
EXP_DBL_1364,ScalarReplacementOfAggregates,separate-const-offset-from-gep
EXP_DBL_1365,ScalarReplacementOfAggregates,adv-copy-opt
EXP_DBL_1366,ScalarReplacementOfAggregates,cgp-delete-phis
EXP_DBL_1367,ScalarReplacementOfAggregates,cleanups
EXP_DBL_1368,ScalarReplacementOfAggregates,constant-hoisting
EXP_DBL_1369,ScalarReplacementOfAggregates,copyprop
EXP_DBL_1370,ScalarReplacementOfAggregates,demotion
EXP_DBL_1371,ScalarReplacementOfAggregates,gep-const-evaluation
EXP_DBL_1372,ScalarReplacementOfAggregates,icp
EXP_DBL_1373,ScalarReplacementOfAggregates,machine-cse
EXP_DBL_1374,ScalarReplacementOfAggregates,machine-dce
EXP_DBL_1375,ScalarReplacementOfAggregates,machine-sink
EXP_DBL_1376,ScalarReplacementOfAggregates,mergeicmps
EXP_DBL_1377,ScalarReplacementOfAggregates,non-allocatable-phys-copy-opt
EXP_DBL_1378,ScalarReplacementOfAggregates,phi-elim-edge-splitting
EXP_DBL_1379,ScalarReplacementOfAggregates,postra-machine-sink
EXP_DBL_1380,ScalarReplacementOfAggregates,preinline
EXP_DBL_1381,ScalarReplacementOfAggregates,select-optimize
EXP_DBL_1382,ScalarReplacementOfAggregates,ssc
EXP_DBL_1383,ScalarReplacementOfAggregates,type-promotion
EXP_DBL_1384,ScalarReplacementOfAggregates,auto-upgrade-debug-info
EXP_DBL_1385,ScalarReplacementOfAggregates,bitcode-version-upgrade
EXP_DBL_1386,ScalarReplacementOfAggregates,cfi-fixup
EXP_DBL_1387,ScalarReplacementOfAggregates,cgdata-for-merging
EXP_DBL_1388,ScalarReplacementOfAggregates,global-outlining
EXP_DBL_1389,ScalarReplacementOfAggregates,last-run-tracking
EXP_DBL_1390,ScalarReplacementOfAggregates,layout-fsprofile-loader
EXP_DBL_1391,ScalarReplacementOfAggregates,nofree-inference
EXP_DBL_1392,ScalarReplacementOfAggregates,nounwind-inference
EXP_DBL_1393,ScalarReplacementOfAggregates,ondemand-mds-loading
EXP_DBL_1394,ScalarReplacementOfAggregates,ra-fsprofile-loader
EXP_DBL_1395,ScalarReplacementOfAggregates,sample-loader-inlining
EXP_DBL_1396,ScalarReplacementOfAggregates,thinlto-funcattrs
EXP_DBL_1397,ScalarReplacementOfAggregates,vp
EXP_DBL_1398,ScalarReplacementOfAggregates,whole-program-visibility
EXP_DBL_1399,ScalarReplacementOfAggregates,2addr-hack
EXP_DBL_1400,ScalarReplacementOfAggregates,cgp
EXP_DBL_1401,ScalarReplacementOfAggregates,cgp-gc-opts
EXP_DBL_1402,ScalarReplacementOfAggregates,complex-addr-modes
EXP_DBL_1403,ScalarReplacementOfAggregates,dfa-sched
EXP_DBL_1404,ScalarReplacementOfAggregates,i2p-p2i-opt
EXP_DBL_1405,ScalarReplacementOfAggregates,mr-partial-inlining
EXP_DBL_1406,ScalarReplacementOfAggregates,partial-inlining
EXP_DBL_1407,ScalarReplacementOfAggregates,partial-libcall-inlining
EXP_DBL_1408,ScalarReplacementOfAggregates,peephole
EXP_DBL_1409,ScalarReplacementOfAggregates,post-ra
EXP_DBL_1410,ScalarReplacementOfAggregates,spill-fusing
EXP_DBL_1411,ScalarReplacementOfAggregates,strictnode-mutation
EXP_DBL_1412,SingleUseConsts,binop-extract-shuffle
EXP_DBL_1413,SingleUseConsts,expand-reductions
EXP_DBL_1414,SingleUseConsts,interleaved-load-combine
EXP_DBL_1415,SingleUseConsts,loop-idiom-vectorize-all
EXP_DBL_1416,SingleUseConsts,loop-idiom-vectorize-bytecmp
EXP_DBL_1417,SingleUseConsts,promote-alloca-to-vector
EXP_DBL_1418,SingleUseConsts,replace-with-vec-lib
EXP_DBL_1419,SingleUseConsts,vector-combine
EXP_DBL_1420,SingleUseConsts,advanced-peeling
EXP_DBL_1421,SingleUseConsts,lftr
EXP_DBL_1422,SingleUseConsts,licm-promotion
EXP_DBL_1423,SingleUseConsts,loop-level-heuristics
EXP_DBL_1424,SingleUseConsts,lsr
EXP_DBL_1425,SingleUseConsts,machine-licm
EXP_DBL_1426,SingleUseConsts,postra-machine-licm
EXP_DBL_1427,SingleUseConsts,preheader-prot
EXP_DBL_1428,SingleUseConsts,block-placement
EXP_DBL_1429,SingleUseConsts,branch-fold
EXP_DBL_1430,SingleUseConsts,cgp-branch-opts
EXP_DBL_1431,SingleUseConsts,cgp-select2branch
EXP_DBL_1432,SingleUseConsts,chr
EXP_DBL_1433,SingleUseConsts,early-ifcvt
EXP_DBL_1434,SingleUseConsts,early-taildup
EXP_DBL_1435,SingleUseConsts,ifcvt-diamond
EXP_DBL_1436,SingleUseConsts,ifcvt-forked-diamond
EXP_DBL_1437,SingleUseConsts,ifcvt-simple
EXP_DBL_1438,SingleUseConsts,ifcvt-simple-false
EXP_DBL_1439,SingleUseConsts,ifcvt-triangle
EXP_DBL_1440,SingleUseConsts,ifcvt-triangle-false
EXP_DBL_1441,SingleUseConsts,ifcvt-triangle-rev
EXP_DBL_1442,SingleUseConsts,tail-calls
EXP_DBL_1443,SingleUseConsts,tail-duplicate
EXP_DBL_1444,SingleUseConsts,cgp-ext-ld-promotion
EXP_DBL_1445,SingleUseConsts,cgp-store-extract
EXP_DBL_1446,SingleUseConsts,memop-opt
EXP_DBL_1447,SingleUseConsts,separate-const-offset-from-gep
EXP_DBL_1448,SingleUseConsts,adv-copy-opt
EXP_DBL_1449,SingleUseConsts,cgp-delete-phis
EXP_DBL_1450,SingleUseConsts,cleanups
EXP_DBL_1451,SingleUseConsts,constant-hoisting
EXP_DBL_1452,SingleUseConsts,copyprop
EXP_DBL_1453,SingleUseConsts,demotion
EXP_DBL_1454,SingleUseConsts,gep-const-evaluation
EXP_DBL_1455,SingleUseConsts,icp
EXP_DBL_1456,SingleUseConsts,machine-cse
EXP_DBL_1457,SingleUseConsts,machine-dce
EXP_DBL_1458,SingleUseConsts,machine-sink
EXP_DBL_1459,SingleUseConsts,mergeicmps
EXP_DBL_1460,SingleUseConsts,non-allocatable-phys-copy-opt
EXP_DBL_1461,SingleUseConsts,phi-elim-edge-splitting
EXP_DBL_1462,SingleUseConsts,postra-machine-sink
EXP_DBL_1463,SingleUseConsts,preinline
EXP_DBL_1464,SingleUseConsts,select-optimize
EXP_DBL_1465,SingleUseConsts,ssc
EXP_DBL_1466,SingleUseConsts,type-promotion
EXP_DBL_1467,SingleUseConsts,auto-upgrade-debug-info
EXP_DBL_1468,SingleUseConsts,bitcode-version-upgrade
EXP_DBL_1469,SingleUseConsts,cfi-fixup
EXP_DBL_1470,SingleUseConsts,cgdata-for-merging
EXP_DBL_1471,SingleUseConsts,global-outlining
EXP_DBL_1472,SingleUseConsts,last-run-tracking
EXP_DBL_1473,SingleUseConsts,layout-fsprofile-loader
EXP_DBL_1474,SingleUseConsts,nofree-inference
EXP_DBL_1475,SingleUseConsts,nounwind-inference
EXP_DBL_1476,SingleUseConsts,ondemand-mds-loading
EXP_DBL_1477,SingleUseConsts,ra-fsprofile-loader
EXP_DBL_1478,SingleUseConsts,sample-loader-inlining
EXP_DBL_1479,SingleUseConsts,thinlto-funcattrs
EXP_DBL_1480,SingleUseConsts,vp
EXP_DBL_1481,SingleUseConsts,whole-program-visibility
EXP_DBL_1482,SingleUseConsts,2addr-hack
EXP_DBL_1483,SingleUseConsts,cgp
EXP_DBL_1484,SingleUseConsts,cgp-gc-opts
EXP_DBL_1485,SingleUseConsts,complex-addr-modes
EXP_DBL_1486,SingleUseConsts,dfa-sched
EXP_DBL_1487,SingleUseConsts,i2p-p2i-opt
EXP_DBL_1488,SingleUseConsts,mr-partial-inlining
EXP_DBL_1489,SingleUseConsts,partial-inlining
EXP_DBL_1490,SingleUseConsts,partial-libcall-inlining
EXP_DBL_1491,SingleUseConsts,peephole
EXP_DBL_1492,SingleUseConsts,post-ra
EXP_DBL_1493,SingleUseConsts,spill-fusing
EXP_DBL_1494,SingleUseConsts,strictnode-mutation
EXP_DBL_1495,UnreachableEnumBranching,binop-extract-shuffle
EXP_DBL_1496,UnreachableEnumBranching,expand-reductions
EXP_DBL_1497,UnreachableEnumBranching,interleaved-load-combine
EXP_DBL_1498,UnreachableEnumBranching,loop-idiom-vectorize-all
EXP_DBL_1499,UnreachableEnumBranching,loop-idiom-vectorize-bytecmp
EXP_DBL_1500,UnreachableEnumBranching,promote-alloca-to-vector
EXP_DBL_1501,UnreachableEnumBranching,replace-with-vec-lib
EXP_DBL_1502,UnreachableEnumBranching,vector-combine
EXP_DBL_1503,UnreachableEnumBranching,advanced-peeling
EXP_DBL_1504,UnreachableEnumBranching,lftr
EXP_DBL_1505,UnreachableEnumBranching,licm-promotion
EXP_DBL_1506,UnreachableEnumBranching,loop-level-heuristics
EXP_DBL_1507,UnreachableEnumBranching,lsr
EXP_DBL_1508,UnreachableEnumBranching,machine-licm
EXP_DBL_1509,UnreachableEnumBranching,postra-machine-licm
EXP_DBL_1510,UnreachableEnumBranching,preheader-prot
EXP_DBL_1511,UnreachableEnumBranching,block-placement
EXP_DBL_1512,UnreachableEnumBranching,branch-fold
EXP_DBL_1513,UnreachableEnumBranching,cgp-branch-opts
EXP_DBL_1514,UnreachableEnumBranching,cgp-select2branch
EXP_DBL_1515,UnreachableEnumBranching,chr
EXP_DBL_1516,UnreachableEnumBranching,early-ifcvt
EXP_DBL_1517,UnreachableEnumBranching,early-taildup
EXP_DBL_1518,UnreachableEnumBranching,ifcvt-diamond
EXP_DBL_1519,UnreachableEnumBranching,ifcvt-forked-diamond
EXP_DBL_1520,UnreachableEnumBranching,ifcvt-simple
EXP_DBL_1521,UnreachableEnumBranching,ifcvt-simple-false
EXP_DBL_1522,UnreachableEnumBranching,ifcvt-triangle
EXP_DBL_1523,UnreachableEnumBranching,ifcvt-triangle-false
EXP_DBL_1524,UnreachableEnumBranching,ifcvt-triangle-rev
EXP_DBL_1525,UnreachableEnumBranching,tail-calls
EXP_DBL_1526,UnreachableEnumBranching,tail-duplicate
EXP_DBL_1527,UnreachableEnumBranching,cgp-ext-ld-promotion
EXP_DBL_1528,UnreachableEnumBranching,cgp-store-extract
EXP_DBL_1529,UnreachableEnumBranching,memop-opt
EXP_DBL_1530,UnreachableEnumBranching,separate-const-offset-from-gep
EXP_DBL_1531,UnreachableEnumBranching,adv-copy-opt
EXP_DBL_1532,UnreachableEnumBranching,cgp-delete-phis
EXP_DBL_1533,UnreachableEnumBranching,cleanups
EXP_DBL_1534,UnreachableEnumBranching,constant-hoisting
EXP_DBL_1535,UnreachableEnumBranching,copyprop
EXP_DBL_1536,UnreachableEnumBranching,demotion
EXP_DBL_1537,UnreachableEnumBranching,gep-const-evaluation
EXP_DBL_1538,UnreachableEnumBranching,icp
EXP_DBL_1539,UnreachableEnumBranching,machine-cse
EXP_DBL_1540,UnreachableEnumBranching,machine-dce
EXP_DBL_1541,UnreachableEnumBranching,machine-sink
EXP_DBL_1542,UnreachableEnumBranching,mergeicmps
EXP_DBL_1543,UnreachableEnumBranching,non-allocatable-phys-copy-opt
EXP_DBL_1544,UnreachableEnumBranching,phi-elim-edge-splitting
EXP_DBL_1545,UnreachableEnumBranching,postra-machine-sink
EXP_DBL_1546,UnreachableEnumBranching,preinline
EXP_DBL_1547,UnreachableEnumBranching,select-optimize
EXP_DBL_1548,UnreachableEnumBranching,ssc
EXP_DBL_1549,UnreachableEnumBranching,type-promotion
EXP_DBL_1550,UnreachableEnumBranching,auto-upgrade-debug-info
EXP_DBL_1551,UnreachableEnumBranching,bitcode-version-upgrade
EXP_DBL_1552,UnreachableEnumBranching,cfi-fixup
EXP_DBL_1553,UnreachableEnumBranching,cgdata-for-merging
EXP_DBL_1554,UnreachableEnumBranching,global-outlining
EXP_DBL_1555,UnreachableEnumBranching,last-run-tracking
EXP_DBL_1556,UnreachableEnumBranching,layout-fsprofile-loader
EXP_DBL_1557,UnreachableEnumBranching,nofree-inference
EXP_DBL_1558,UnreachableEnumBranching,nounwind-inference
EXP_DBL_1559,UnreachableEnumBranching,ondemand-mds-loading
EXP_DBL_1560,UnreachableEnumBranching,ra-fsprofile-loader
EXP_DBL_1561,UnreachableEnumBranching,sample-loader-inlining
EXP_DBL_1562,UnreachableEnumBranching,thinlto-funcattrs
EXP_DBL_1563,UnreachableEnumBranching,vp
EXP_DBL_1564,UnreachableEnumBranching,whole-program-visibility
EXP_DBL_1565,UnreachableEnumBranching,2addr-hack
EXP_DBL_1566,UnreachableEnumBranching,cgp
EXP_DBL_1567,UnreachableEnumBranching,cgp-gc-opts
EXP_DBL_1568,UnreachableEnumBranching,complex-addr-modes
EXP_DBL_1569,UnreachableEnumBranching,dfa-sched
EXP_DBL_1570,UnreachableEnumBranching,i2p-p2i-opt
EXP_DBL_1571,UnreachableEnumBranching,mr-partial-inlining
EXP_DBL_1572,UnreachableEnumBranching,partial-inlining
EXP_DBL_1573,UnreachableEnumBranching,partial-libcall-inlining
EXP_DBL_1574,UnreachableEnumBranching,peephole
EXP_DBL_1575,UnreachableEnumBranching,post-ra
EXP_DBL_1576,UnreachableEnumBranching,spill-fusing
EXP_DBL_1577,UnreachableEnumBranching,strictnode-mutation
EXP_DBL_1578,UnreachablePropagation,binop-extract-shuffle
EXP_DBL_1579,UnreachablePropagation,expand-reductions
EXP_DBL_1580,UnreachablePropagation,interleaved-load-combine
EXP_DBL_1581,UnreachablePropagation,loop-idiom-vectorize-all
EXP_DBL_1582,UnreachablePropagation,loop-idiom-vectorize-bytecmp
EXP_DBL_1583,UnreachablePropagation,promote-alloca-to-vector
EXP_DBL_1584,UnreachablePropagation,replace-with-vec-lib
EXP_DBL_1585,UnreachablePropagation,vector-combine
EXP_DBL_1586,UnreachablePropagation,advanced-peeling
EXP_DBL_1587,UnreachablePropagation,lftr
EXP_DBL_1588,UnreachablePropagation,licm-promotion
EXP_DBL_1589,UnreachablePropagation,loop-level-heuristics
EXP_DBL_1590,UnreachablePropagation,lsr
EXP_DBL_1591,UnreachablePropagation,machine-licm
EXP_DBL_1592,UnreachablePropagation,postra-machine-licm
EXP_DBL_1593,UnreachablePropagation,preheader-prot
EXP_DBL_1594,UnreachablePropagation,block-placement
EXP_DBL_1595,UnreachablePropagation,branch-fold
EXP_DBL_1596,UnreachablePropagation,cgp-branch-opts
EXP_DBL_1597,UnreachablePropagation,cgp-select2branch
EXP_DBL_1598,UnreachablePropagation,chr
EXP_DBL_1599,UnreachablePropagation,early-ifcvt
EXP_DBL_1600,UnreachablePropagation,early-taildup
EXP_DBL_1601,UnreachablePropagation,ifcvt-diamond
EXP_DBL_1602,UnreachablePropagation,ifcvt-forked-diamond
EXP_DBL_1603,UnreachablePropagation,ifcvt-simple
EXP_DBL_1604,UnreachablePropagation,ifcvt-simple-false
EXP_DBL_1605,UnreachablePropagation,ifcvt-triangle
EXP_DBL_1606,UnreachablePropagation,ifcvt-triangle-false
EXP_DBL_1607,UnreachablePropagation,ifcvt-triangle-rev
EXP_DBL_1608,UnreachablePropagation,tail-calls
EXP_DBL_1609,UnreachablePropagation,tail-duplicate
EXP_DBL_1610,UnreachablePropagation,cgp-ext-ld-promotion
EXP_DBL_1611,UnreachablePropagation,cgp-store-extract
EXP_DBL_1612,UnreachablePropagation,memop-opt
EXP_DBL_1613,UnreachablePropagation,separate-const-offset-from-gep
EXP_DBL_1614,UnreachablePropagation,adv-copy-opt
EXP_DBL_1615,UnreachablePropagation,cgp-delete-phis
EXP_DBL_1616,UnreachablePropagation,cleanups
EXP_DBL_1617,UnreachablePropagation,constant-hoisting
EXP_DBL_1618,UnreachablePropagation,copyprop
EXP_DBL_1619,UnreachablePropagation,demotion
EXP_DBL_1620,UnreachablePropagation,gep-const-evaluation
EXP_DBL_1621,UnreachablePropagation,icp
EXP_DBL_1622,UnreachablePropagation,machine-cse
EXP_DBL_1623,UnreachablePropagation,machine-dce
EXP_DBL_1624,UnreachablePropagation,machine-sink
EXP_DBL_1625,UnreachablePropagation,mergeicmps
EXP_DBL_1626,UnreachablePropagation,non-allocatable-phys-copy-opt
EXP_DBL_1627,UnreachablePropagation,phi-elim-edge-splitting
EXP_DBL_1628,UnreachablePropagation,postra-machine-sink
EXP_DBL_1629,UnreachablePropagation,preinline
EXP_DBL_1630,UnreachablePropagation,select-optimize
EXP_DBL_1631,UnreachablePropagation,ssc
EXP_DBL_1632,UnreachablePropagation,type-promotion
EXP_DBL_1633,UnreachablePropagation,auto-upgrade-debug-info
EXP_DBL_1634,UnreachablePropagation,bitcode-version-upgrade
EXP_DBL_1635,UnreachablePropagation,cfi-fixup
EXP_DBL_1636,UnreachablePropagation,cgdata-for-merging
EXP_DBL_1637,UnreachablePropagation,global-outlining
EXP_DBL_1638,UnreachablePropagation,last-run-tracking
EXP_DBL_1639,UnreachablePropagation,layout-fsprofile-loader
EXP_DBL_1640,UnreachablePropagation,nofree-inference
EXP_DBL_1641,UnreachablePropagation,nounwind-inference
EXP_DBL_1642,UnreachablePropagation,ondemand-mds-loading
EXP_DBL_1643,UnreachablePropagation,ra-fsprofile-loader
EXP_DBL_1644,UnreachablePropagation,sample-loader-inlining
EXP_DBL_1645,UnreachablePropagation,thinlto-funcattrs
EXP_DBL_1646,UnreachablePropagation,vp
EXP_DBL_1647,UnreachablePropagation,whole-program-visibility
EXP_DBL_1648,UnreachablePropagation,2addr-hack
EXP_DBL_1649,UnreachablePropagation,cgp
EXP_DBL_1650,UnreachablePropagation,cgp-gc-opts
EXP_DBL_1651,UnreachablePropagation,complex-addr-modes
EXP_DBL_1652,UnreachablePropagation,dfa-sched
EXP_DBL_1653,UnreachablePropagation,i2p-p2i-opt
EXP_DBL_1654,UnreachablePropagation,mr-partial-inlining
EXP_DBL_1655,UnreachablePropagation,partial-inlining
EXP_DBL_1656,UnreachablePropagation,partial-libcall-inlining
EXP_DBL_1657,UnreachablePropagation,peephole
EXP_DBL_1658,UnreachablePropagation,post-ra
EXP_DBL_1659,UnreachablePropagation,spill-fusing
EXP_DBL_1660,UnreachablePropagation,strictnode-mutation
